# Exported Supercar SubMesh
v 0.000000 0.957812 -1.537848
v 0.000000 1.055385 -0.800852
v 0.271620 1.053714 -0.729364
v 0.320691 0.979356 -1.313844
v 0.620786 1.119090 -0.427253
v 0.631100 1.104981 -0.414284
v 0.689424 0.989702 -0.485176
v 0.690791 0.984429 -0.509055
v 0.605034 1.144673 -0.274766
v 0.616688 1.125808 -0.269813
v 0.618199 1.124062 -0.424044
v 0.541123 1.188472 -0.441256
v 0.538138 1.205141 -0.277143
v 0.604210 1.164413 -0.274709
v 0.613402 1.153707 -0.424913
v 0.646886 1.109371 0.502755
v 0.662103 1.088263 0.502718
v 0.620414 1.133392 0.201721
v 0.605334 1.152939 0.201744
v 0.841899 0.879995 1.162872
v 0.839493 0.879301 1.110461
v 0.784776 0.946973 0.976580
v 0.768637 0.968033 0.973355
v 0.729215 1.011582 0.798174
v 0.715855 1.031444 0.795269
v 0.808355 0.888211 0.201765
v 0.841288 0.845302 0.511466
v 0.861670 0.830296 0.511466
v 0.830895 0.877070 0.201765
v 0.770211 0.934906 -0.118355
v 0.790648 0.926556 -0.118355
v 0.613184 1.132711 -0.118360
v 0.598412 1.151171 -0.118360
v 0.153470 1.223683 -0.281563
v 0.000000 1.219351 -0.283438
v 0.000000 1.224626 -0.118354
v 0.149407 1.228487 -0.118355
v 0.000000 1.213176 0.201765
v 0.151138 1.217348 0.201765
v 0.000000 1.173674 0.548007
v 0.164127 1.171988 0.545552
v 0.242885 0.868259 1.504794
v 0.000000 0.869553 1.519826
v 0.000000 0.847809 1.590505
v 0.224342 0.847808 1.573697
v 0.916322 0.756847 0.201765
v 0.926002 0.728233 0.521885
v 0.929211 0.418100 0.521885
v 0.915883 0.451325 0.201765
v 0.942034 0.774962 0.521885
v 0.945569 0.820392 0.201765
v 0.947299 0.863335 -0.118355
v 0.892841 0.867639 1.334547
v 0.979750 0.823119 1.335004
v 0.976958 0.807832 1.206515
v 0.898374 0.856843 1.177079
v 0.935681 0.579009 1.809680
v 0.968225 0.624523 1.681419
v 0.938708 0.606036 1.809680
v 0.719817 1.022312 0.756675
v 0.614352 1.130343 -0.173706
v 0.824450 0.712582 1.927670
v 0.798816 0.713007 1.935885
v 0.775327 0.654451 2.046832
v 0.793437 0.655234 2.036894
v 0.277687 0.848873 1.565529
v 0.000000 0.853759 1.592323
v 0.000000 0.806616 1.786948
v 0.221901 0.809335 1.759815
v 0.224491 0.853759 1.575509
v 0.000000 0.741216 2.029142
v 0.219354 0.746655 1.992602
v 0.356459 0.747036 1.959538
v 0.315794 0.807467 1.742663
v 0.277711 0.854824 1.567347
v 0.215807 0.228237 2.433473
v 0.215807 0.238352 2.430612
v 0.000000 0.237321 2.479967
v 0.000000 0.228237 2.482740
v 0.399005 0.500261 2.369622
v 0.399641 0.572415 2.308163
v 0.217333 0.571158 2.364690
v 0.215808 0.490889 2.436761
v 0.373889 0.463629 2.363853
v 0.417138 0.476718 2.397888
v 0.431615 0.502614 2.402408
v 0.000000 0.439980 2.458677
v 0.215808 0.449036 2.411457
v 0.000000 0.479165 2.484276
v 0.000000 0.563975 2.392586
v 0.418311 0.585862 2.313376
v 0.436177 0.587672 2.307567
v 0.704748 0.996476 0.988202
v 0.815131 0.887601 1.309228
v 0.842619 0.876244 1.170806
v 0.767823 0.972054 0.973417
v 0.715052 1.037735 0.795308
v 0.651759 1.059126 0.805684
v 0.604553 1.160911 0.201765
v 0.547008 1.195484 0.201765
v 0.581135 1.145595 0.510289
v 0.646088 1.115654 0.502785
v 0.597626 1.169791 -0.118355
v 0.535154 1.208374 -0.118355
v 0.595548 1.129061 0.544657
v 0.367967 1.219544 0.201747
v 0.407353 1.167148 0.523055
v 0.334235 1.232210 -0.118347
v 0.318535 1.229662 -0.279181
v 0.438692 0.759171 1.939706
v 0.443955 0.827047 1.718598
v 0.448973 0.872461 1.524719
v 0.439519 0.883644 1.461885
v 0.448871 0.866489 1.522989
v 0.811994 0.881952 1.309423
v 0.622000 0.890767 1.397559
v 0.630282 0.880172 1.436180
v 0.543907 1.158285 0.503748
v 0.901185 0.588792 1.912428
v 0.878245 0.643959 1.913822
v 0.817627 0.619078 2.048677
v 0.835862 0.566913 2.052754
v 0.842044 0.519567 2.021271
v 0.899009 0.548606 1.909276
v 0.814593 0.623881 2.046814
v 0.874964 0.649015 1.913307
v 0.757073 0.612197 2.107604
v 0.773998 0.614469 2.097498
v 0.480547 0.507956 2.376367
v 0.511619 0.596251 2.272656
v 0.615521 0.524826 2.295380
v 0.611564 0.502835 2.275823
v 0.717736 0.517622 2.190383
v 0.716131 0.538300 2.217357
v 0.644769 0.605296 2.193851
v 0.541380 0.665400 2.145527
v 0.472566 0.484184 2.362248
v 0.754443 0.606108 2.116360
v 0.757276 0.521251 2.150123
v 0.756764 0.544862 2.175437
v 0.938779 0.415823 1.809680
v 0.965846 0.421255 1.738515
v 0.965948 0.523804 1.725907
v 0.938741 0.518514 1.809680
v 0.000000 0.436627 2.442332
v 0.213423 0.445092 2.395101
v 0.372554 0.459096 2.347487
v 0.415717 0.474606 2.377508
v 0.431070 0.478113 2.362444
v 0.602118 0.501707 2.261693
v 0.888394 0.859336 1.450379
v 0.977571 0.810039 1.444790
v 0.965846 0.423677 1.706769
v 0.965948 0.526544 1.692399
v 0.961741 0.592747 1.667823
v 0.961857 0.585892 1.701445
v 0.961112 0.554303 1.715398
v 0.960997 0.560270 1.681993
v 0.977571 0.781609 1.441567
v 0.979750 0.793388 1.335367
v 0.976958 0.780828 1.222732
v 0.965470 0.517166 0.968157
v 0.965928 0.617043 0.995379
v 0.965928 0.610331 1.028550
v 0.965470 0.512791 0.999465
v 0.965560 0.422101 0.952055
v 0.965560 0.420393 0.984584
v 0.965608 0.370110 0.983359
v 0.965606 0.373583 0.949922
v 0.902481 0.518140 1.907707
v 0.941073 0.541601 1.799416
v 0.936322 0.541173 1.797968
v 0.931480 0.567708 1.808232
v 0.879749 0.835598 1.566213
v 0.974315 0.768817 1.543200
v 0.971891 0.687896 1.635712
v 0.917317 0.661782 1.809939
v 0.847066 0.765921 1.810425
v 0.913949 0.666740 1.809967
v 0.972150 0.696542 1.625828
v 0.865939 0.803613 1.689251
v 0.560117 0.773714 1.907868
v 0.601153 0.848218 1.661691
v 0.547495 0.693971 2.079145
v 0.822304 0.767552 1.816917
v 0.968225 0.629409 1.647519
v 0.971891 0.694460 1.591916
v 0.972306 0.702879 1.582061
v 0.974315 0.743529 1.534487
v 0.938816 0.317309 1.809680
v 0.870089 0.281120 1.984667
v 0.854133 0.228237 2.002844
v 0.938850 0.228237 1.809680
v 0.861493 0.346053 1.995993
v 0.775949 0.233922 2.187448
v 0.776362 0.228011 2.186009
v 0.456676 0.471735 2.343949
v 0.600409 0.492298 2.260283
v 0.600977 0.335835 2.218864
v 0.609585 0.321051 2.221295
v 0.623334 0.320785 2.211243
v 0.610960 0.339742 2.210910
v 0.761511 0.228011 2.205269
v 0.771660 0.245171 2.181220
v 0.756290 0.238784 2.200871
v 0.724356 0.519325 2.163835
v 0.741267 0.520594 2.148058
v 0.725458 0.508344 2.162187
v 0.742297 0.507527 2.145605
v 0.827404 0.518938 2.012584
v 0.771197 0.608596 2.106230
v 0.811727 0.500563 2.064725
v 0.818293 0.474916 2.048015
v 0.805735 0.490977 2.065992
v 0.803689 0.491510 2.028843
v 0.816098 0.477733 2.011856
v 0.824692 0.486199 2.047575
v 0.845260 0.425590 2.013935
v 0.836773 0.423001 2.017863
v 0.830997 0.360069 1.920961
v 0.852906 0.365574 1.993221
v 0.849535 0.343971 2.002737
v 0.862990 0.365659 1.989688
v 0.819868 0.345105 1.915755
v 0.965967 0.228237 1.677333
v 0.965967 0.228237 1.711786
v 0.962420 0.217781 1.711786
v 0.962420 0.217781 1.677333
v 0.000000 0.217781 2.477107
v 0.215807 0.217781 2.427841
v 0.935303 0.217781 1.809680
v 0.850587 0.217781 2.002844
v 0.774448 0.217781 2.178901
v 0.759598 0.217781 2.198161
v 0.000000 0.436627 2.254044
v 0.215727 0.445092 2.206337
v 0.370945 0.459096 2.171259
v 0.413013 0.474606 2.161602
v 0.215062 0.238477 2.206486
v 0.000000 0.237509 2.254071
v 0.427976 0.478113 2.158164
v 0.593744 0.335835 2.120890
v 0.456676 0.471736 2.278632
v 0.646657 0.314051 2.069019
v 0.630001 0.247251 2.293361
v 0.640873 0.238596 2.294829
v 0.660417 0.306626 2.052178
v 0.757116 0.308044 1.958850
v 0.775753 0.314788 1.944640
v 0.743757 0.507146 2.083008
v 0.724985 0.508251 2.096167
v 0.431615 0.228237 2.354554
v 0.431615 0.238596 2.351599
v 0.550984 0.228237 2.293955
v 0.549259 0.238596 2.295605
v 0.616873 0.238596 2.312924
v 0.629870 0.228410 2.313477
v 0.550985 0.217781 2.288322
v 0.431615 0.217781 2.348921
v 0.630475 0.217781 2.300549
v 0.418226 0.238617 2.159600
v 0.609253 0.238596 2.117402
v 0.602142 0.321051 2.119002
v 0.539111 0.871671 1.486672
v 0.000000 1.167724 0.546189
v 0.163911 1.166047 0.543712
v 0.406752 1.161210 0.521308
v 0.630916 0.886167 1.437694
v 0.806623 0.887630 1.315959
v 0.651261 1.053164 0.803977
v 0.704123 0.990535 0.986472
v 0.580564 1.139664 0.508495
v 0.595005 1.123094 0.542984
v 0.543196 1.152346 0.502039
v 0.808916 0.857960 1.302985
v 0.619666 0.866701 1.391131
v 0.438548 0.859562 1.455164
v 0.242379 0.844284 1.497624
v 0.000000 0.845625 1.512510
v 0.966723 0.586042 1.702158
v 0.966724 0.592622 1.667801
v 0.936231 0.568135 1.809680
v 0.965978 0.554455 1.716111
v 0.965980 0.560144 1.681971
v 0.856840 0.848023 0.960699
v 0.868116 0.835533 0.957446
v 0.760963 0.947943 -0.118245
v 0.797822 0.903384 0.201927
v 0.808611 0.892462 0.201906
v 0.770404 0.939246 -0.118222
v 0.756364 0.951030 -0.149532
v 0.738896 0.963311 -0.259987
v 0.747105 0.955351 -0.259232
v 0.849511 0.839247 0.781832
v 0.852096 0.836280 0.822782
v 0.752821 0.953485 -0.172517
v 0.614996 1.129161 -0.194615
v 0.618461 1.148652 -0.463945
v 0.614725 1.150564 -0.423965
v 0.613136 1.120891 -0.423697
v 0.620536 1.145459 -0.463313
v 0.600084 1.141291 -0.274796
v 0.642024 1.105868 0.502942
v 0.600574 1.149296 0.201872
v 0.837238 0.876244 1.163126
v 0.763780 0.964525 0.973577
v 0.710957 1.027992 0.795505
v 0.593622 1.147568 -0.118325
v 0.867688 0.831566 0.957571
v 0.863639 0.831566 0.957848
v 0.766270 0.934906 -0.118197
v 0.804385 0.888211 0.201779
v 0.686012 0.980908 -0.508533
v 0.705734 0.977146 -0.540505
v 0.663058 0.977146 -0.651154
v 0.643337 0.980908 -0.619183
v 0.625998 1.101857 -0.414021
v 0.684645 0.986181 -0.484655
v 0.615654 1.116056 -0.426628
v 0.611619 1.122606 -0.269806
v 0.657242 1.084760 0.502905
v 0.615654 1.129750 0.201848
v 0.834831 0.875549 1.110715
v 0.779918 0.943465 0.976802
v 0.724322 1.008121 0.798361
v 0.608486 1.128987 -0.118270
v 0.714904 1.018880 0.756865
v 0.609651 1.126624 -0.173573
v 0.852365 0.844056 0.961102
v 0.847408 0.832575 0.823107
v 0.827943 0.854867 0.511068
v 0.844849 0.835498 0.781891
v 0.832289 0.858996 0.511142
v 0.793596 0.899132 0.201801
v 0.756846 0.943587 -0.118229
v 0.751973 0.946978 -0.149352
v 0.734612 0.959136 -0.259644
v 0.748371 0.949491 -0.172323
v 0.610084 1.125741 -0.194499
v 0.743645 0.950594 -0.254198
v 0.633531 1.138367 -0.529254
v 0.622202 1.100373 -0.680745
v 0.742873 1.064894 -0.709691
v 0.652500 1.036426 -0.889896
v 0.298070 1.204362 -0.515029
v 0.298203 1.200153 -0.518040
v 0.157606 1.192726 -0.552391
v 0.155482 1.196831 -0.549880
v 0.000000 1.189374 -0.593212
v 0.000000 1.193468 -0.590237
v 0.403260 1.143360 -0.848143
v 0.397434 1.138367 -0.844973
v 0.271620 1.156409 -0.745255
v 0.267121 1.162608 -0.741717
v 0.000000 1.158097 -0.816502
v 0.000000 1.164222 -0.811902
v 0.000000 1.192718 -0.597151
v 0.159890 1.196059 -0.555868
v 0.298498 1.203382 -0.522016
v 0.586752 1.070328 -1.321503
v 0.440919 1.067708 -1.317373
v 0.555451 1.152891 -0.739469
v 0.552294 1.166225 -0.660628
v 0.631433 1.141592 -0.527643
v 0.555381 1.166855 -0.653920
v 0.555234 1.162548 -0.657996
v 0.633878 1.140120 -0.533827
v 0.558757 1.164508 -0.659326
v 0.846053 0.992091 -0.890928
v 0.818205 1.004538 -1.103554
v 0.730014 1.066985 -0.972650
v 0.745690 1.070207 -0.711938
v 0.644195 1.113780 -0.846112
v 0.561391 1.154130 -0.727096
v 0.821476 0.998558 -1.115484
v 0.727629 1.062522 -0.977657
v 0.558532 1.149644 -0.731361
v 0.642319 1.108900 -0.851514
v 0.588763 1.067622 -1.321096
v 0.943480 0.807087 0.201765
v 0.941553 0.766581 0.521885
v 0.997520 0.496337 -0.905350
v 0.997535 0.383964 -0.898063
v 0.997535 0.382514 -0.930295
v 0.997520 0.491981 -0.933320
v 0.798852 1.000826 -1.317163
v 0.813205 1.001675 -1.219318
v 0.801917 1.002357 -1.319309
v 0.824492 1.000994 -1.119326
v 0.864536 0.555897 -0.706953
v 0.808953 0.805630 -0.779016
v 0.842945 0.804404 -0.556826
v 0.891768 0.526471 -0.450133
v 0.889014 0.539467 -0.750794
v 0.868159 0.807832 -0.830323
v 0.658603 1.015418 -0.889896
v 0.709074 0.976311 -0.545462
v 0.847098 0.984754 -0.889395
v 0.833803 0.862044 -0.790352
v 0.902139 0.869443 -0.544994
v 0.939972 0.936892 -0.683225
v 0.943717 0.917870 -0.509161
v 0.741807 0.951688 -0.263534
v 0.747627 0.950593 -0.254625
v 0.746492 0.948138 -0.259489
v 0.742032 0.948101 -0.259148
v 0.768571 0.943224 -0.261634
v 0.767542 0.940901 -0.266537
v 0.946380 0.892425 -0.319503
v 0.943149 0.890157 -0.323406
v 0.947027 0.873815 -0.310347
v 0.943772 0.876069 -0.315665
v 0.947804 0.879222 -0.323008
v 0.946006 0.875737 -0.320692
v 0.942910 0.862446 -0.515627
v 0.946583 0.866039 -0.515730
v 0.899720 0.793376 -0.270579
v 0.896570 0.794153 -0.275580
v 0.962588 0.522917 0.926044
v 0.959540 0.522045 0.931022
v 0.955393 0.423612 0.915024
v 0.958306 0.423941 0.909984
v 0.962301 0.624501 0.946659
v 0.959263 0.624174 0.951726
v 0.953176 0.377951 0.907671
v 0.956102 0.378565 0.902664
v 0.906066 0.492200 -0.174559
v 0.902956 0.492703 -0.179418
v 0.961184 0.352870 0.902938
v 0.963509 0.348799 0.902202
v 0.956246 0.366841 0.522730
v 0.951757 0.370997 0.522910
v 0.962020 0.358312 0.899043
v 0.962398 0.357987 0.908691
v 0.965404 0.357105 0.949095
v 0.962176 0.351812 0.948755
v 0.961771 0.399156 -0.150205
v 0.958936 0.405105 -0.153654
v 0.951895 0.383201 0.201754
v 0.956536 0.379352 0.201550
v 0.965620 0.356502 0.983028
v 0.962283 0.351119 0.982935
v 0.943471 0.843517 -0.626118
v 0.947527 0.846977 -0.626775
v 0.955288 0.704857 0.963014
v 0.963331 0.521204 0.935444
v 0.959319 0.423316 0.919505
v 0.885003 0.804538 0.837208
v 0.960671 0.721193 0.963373
v 0.963064 0.623879 0.956235
v 0.957088 0.377369 0.912119
v 0.862010 0.821016 0.830330
v 0.857992 0.821016 0.830550
v 0.745809 0.951688 -0.263969
v 0.766967 0.944585 -0.271057
v 0.960431 0.718320 0.963310
v 0.907345 0.783353 -0.119546
v 0.924554 0.583414 -0.851259
v 0.943603 0.563704 -0.823365
v 0.964206 0.494439 -0.795488
v 0.939086 0.485003 -0.833965
v 0.953951 0.376338 0.523042
v 0.953935 0.388236 0.201912
v 0.958442 0.409117 -0.149746
v 0.967789 0.483264 -0.489570
v 0.967558 0.446392 -0.359436
v 0.898909 0.794073 -0.280825
v 0.905337 0.492350 -0.184520
v 0.961248 0.407498 -0.158335
v 0.963198 0.514970 -0.531154
v 0.946286 0.893434 -0.329394
v 0.965629 0.346922 0.982795
v 0.965630 0.347703 0.948366
v 0.862222 0.824633 0.825537
v 0.841602 0.849431 0.511566
v 0.837256 0.845302 0.511491
v 0.857470 0.820995 0.821013
v 0.860571 0.818776 0.825553
v 0.883382 0.802830 0.842406
v 0.861522 0.820995 0.820790
v 0.857644 0.818271 0.825781
v 0.940858 0.847266 -0.118344
v 0.937586 0.846503 -0.118385
v 0.939034 0.861290 -0.235851
v 0.942149 0.862563 -0.237636
v 0.936386 0.830657 -0.004683
v 0.939381 0.830570 -0.001033
v 0.926123 0.838834 -0.244797
v 0.928051 0.837456 -0.247731
v 0.917376 0.802525 -0.119412
v 0.916300 0.805859 -0.119060
v 0.917944 0.797498 -0.030391
v 0.919246 0.794264 -0.028695
v 0.915207 0.813406 -0.230410
v 0.914239 0.816395 -0.227899
v 0.938761 0.843413 -0.118751
v 0.937836 0.828416 -0.008660
v 0.935138 0.824664 -0.021422
v 0.935408 0.836994 -0.118800
v 0.940367 0.857687 -0.234391
v 0.917719 0.817055 -0.225713
v 0.928642 0.837884 -0.242190
v 0.919671 0.806865 -0.119033
v 0.921088 0.798404 -0.032413
v 0.965911 0.316175 1.698336
v 0.965911 0.316434 1.730640
v 0.963530 0.321520 0.896426
v 0.959220 0.325816 0.897100
v 0.961357 0.323889 0.948289
v 0.965676 0.319703 0.948384
v 0.963123 0.322770 0.873859
v 0.956800 0.342205 0.523118
v 0.952410 0.346456 0.522931
v 0.957195 0.352828 0.201552
v 0.952782 0.357001 0.201731
v 0.961480 0.374400 -0.120103
v 0.957101 0.378503 -0.121362
v 0.961356 0.322697 0.983008
v 0.965674 0.318669 0.983776
v 0.993375 0.238542 -0.947833
v 0.997806 0.234324 -0.947372
v 0.997554 0.234427 -0.984785
v 0.993249 0.238344 -0.983345
v 0.969180 0.303737 0.954932
v 0.966994 0.305917 0.893788
v 0.969189 0.302167 0.991065
v 0.997551 0.254045 -0.944202
v 0.997553 0.242442 -0.981836
v 0.997556 0.225609 -0.988029
v 0.997556 0.225609 -0.949813
v 0.965648 0.328255 0.948262
v 0.965648 0.326907 0.982308
v 0.963519 0.330294 0.897843
v 0.956629 0.350890 0.522813
v 0.956979 0.361357 0.201978
v 0.961332 0.382786 -0.122554
v 0.997553 0.242942 -0.948227
v 0.966136 0.236835 1.016199
v 0.966137 0.236791 0.980857
v 0.963820 0.236669 0.882079
v 0.962160 0.320745 0.870912
v 0.958055 0.286428 0.522528
v 0.959317 0.267386 0.201695
v 0.930127 0.236678 0.522131
v 0.938200 0.236688 0.201734
v 0.966200 0.225609 0.985236
v 0.966200 0.225609 1.020646
v 0.963857 0.225609 0.880210
v 0.959174 0.236678 0.522002
v 0.962334 0.236672 0.766918
v 0.962449 0.225609 0.766421
v 0.959422 0.225609 0.521885
v 0.960079 0.236688 0.201747
v 0.960354 0.225609 0.201765
v 0.966607 0.307119 0.871376
v 0.970381 0.441447 -0.361224
v 0.971670 0.479499 -0.491842
v 0.966769 0.513710 -0.535589
v 0.992175 0.403759 -0.813889
v 0.991004 0.450883 -0.814963
v 0.968505 0.345830 -0.322023
v 0.972931 0.341556 -0.320871
v 0.983159 0.310373 -0.492115
v 0.978712 0.314662 -0.493007
v 0.962703 0.372740 -0.149626
v 0.958303 0.376981 -0.151129
v 0.976503 0.237338 -0.304045
v 0.987912 0.237285 -0.488412
v 0.958294 0.237390 -0.119961
v 0.964853 0.248232 -0.120885
v 0.962514 0.381404 -0.152562
v 0.982874 0.319133 -0.493832
v 0.972694 0.350269 -0.323197
v 0.994690 0.257802 -0.859602
v 0.993927 0.269219 -0.867487
v 0.965351 0.225609 -0.118355
v 0.965092 0.237390 -0.119676
v 0.977012 0.225609 -0.303087
v 0.988672 0.225609 -0.487821
v 0.959841 0.320745 0.881511
v 0.963325 0.307756 0.880587
v 0.955360 0.236672 0.842521
v 0.919872 0.236672 0.836574
v 0.922191 0.236672 0.748610
v 0.957679 0.236672 0.764795
v 0.965644 0.307756 0.868397
v 0.942570 0.392837 -0.829494
v 0.977242 0.408876 -0.781014
v 0.953817 0.298495 -0.810487
v 0.921390 0.286034 -0.853680
v 0.975713 0.447319 -0.781194
v 0.966013 0.555911 -0.568499
v 0.991435 0.507843 -0.840292
v 0.955880 0.670951 -0.642842
v 0.962517 0.558015 -0.565293
v 0.960837 0.669851 -0.647075
v 0.993797 0.591862 -0.889176
v 0.997503 0.615660 -0.937029
v 0.997502 0.610413 -0.966878
v 0.997484 0.709748 -1.028123
v 0.997485 0.720912 -1.001253
v 0.948626 0.802043 -0.733449
v 0.936542 0.849882 -0.223841
v 0.923629 0.804033 -0.037198
v 0.927951 0.840950 -0.118332
v 0.927637 0.828535 -0.020942
v 0.916127 0.807903 -0.036718
v 0.915139 0.816420 -0.118521
v 0.914052 0.826559 -0.216459
v 0.929130 0.853924 -0.223384
v 0.922595 0.812463 -0.118989
v 0.921463 0.822516 -0.216916
v 0.958313 0.918255 -1.318378
v 0.962120 0.910235 -1.196317
v 0.997450 0.845435 -1.209713
v 0.997438 0.858215 -1.317856
v 0.916791 0.970518 -1.183599
v 0.907027 0.970550 -1.317856
v 0.997455 0.820125 -1.218178
v 0.997442 0.833044 -1.317856
v 0.966586 0.888100 -1.072792
v 0.997463 0.806239 -1.100750
v 0.923343 0.963620 -1.045420
v 0.997468 0.784406 -1.116748
v 0.936226 0.950358 -0.857287
v 0.996888 0.728926 -1.007334
v 0.997483 0.716791 -1.034319
v 0.965119 0.856069 -0.926933
v 0.947558 0.811335 -0.738532
v 0.993926 0.712935 -1.031387
v 0.993628 0.724585 -1.004460
v 0.944560 0.807832 -0.732964
v 0.000000 0.925976 -2.221335
v 0.333522 0.923854 -2.186922
v 0.337284 0.897150 -2.151965
v 0.000000 0.898866 -2.180483
v 0.591842 1.057290 -1.413554
v 0.455380 1.042211 -1.487099
v 0.599262 1.040699 -1.554412
v 0.600349 1.038006 -1.550666
v 0.660168 1.014042 -1.611424
v 0.657829 1.017583 -1.613943
v 0.559591 0.529495 -2.106773
v 0.528032 0.541361 -2.120008
v 0.532912 0.558149 -2.126735
v 0.569352 0.544925 -2.113071
v 0.726128 0.983704 -1.677120
v 0.723035 0.986921 -1.680110
v 0.764607 0.997817 -1.501582
v 0.761755 0.995781 -1.500777
v 0.727963 0.986115 -1.680597
v 0.494336 0.903313 -2.109198
v 0.376843 0.897953 -2.145216
v 0.494336 0.915516 -2.153689
v 0.330460 0.942066 -2.184756
v 0.495162 0.934418 -2.150761
v 0.000000 0.944510 -2.221615
v 0.997390 0.798486 -1.590758
v 0.997401 0.787179 -1.548460
v 0.994834 0.749836 -1.588521
v 0.994825 0.762406 -1.626677
v 0.525144 0.901876 -2.097878
v 0.631652 0.907733 -2.095011
v 0.630987 0.893518 -2.058984
v 0.734743 0.911268 -2.033447
v 0.737136 0.896817 -2.034222
v 0.629834 0.923004 -2.094241
v 0.494336 0.545752 -2.129785
v 0.325910 0.554746 -2.165935
v 0.326373 0.571379 -2.174150
v 0.494336 0.563898 -2.137997
v 0.000000 0.575123 -2.208656
v 0.000000 0.559425 -2.200390
v 0.376843 0.897953 -2.131923
v 0.366598 0.877255 -2.131601
v 0.346403 0.897366 -2.136864
v 0.870508 0.793357 -1.912853
v 0.829760 0.794470 -1.941716
v 0.827767 0.797468 -1.937472
v 0.864519 0.796624 -1.911434
v 0.530789 0.595070 -2.085044
v 0.494128 0.613336 -2.098652
v 0.501910 0.624470 -2.097625
v 0.535709 0.608176 -2.084315
v 0.893528 0.964676 -1.478342
v 0.952634 0.910540 -1.463553
v 0.997416 0.845432 -1.445992
v 0.997421 0.821511 -1.439295
v 0.941382 0.892385 -1.609372
v 0.997392 0.802931 -1.577052
v 0.878303 0.951425 -1.638829
v 0.858389 0.930650 -1.800024
v 0.689596 0.960162 -1.824609
v 0.932723 0.876132 -1.692974
v 0.867134 0.840378 -1.933883
v 0.881987 0.793214 -1.917848
v 0.870508 0.793357 -1.926147
v 0.855254 0.840173 -1.942109
v 0.924855 0.854431 -1.769530
v 0.944183 0.798574 -1.735443
v 0.922416 0.845062 -1.769148
v 0.847493 0.875179 -1.949227
v 0.950394 0.771412 -1.734041
v 0.631501 0.590065 -2.046304
v 0.631249 0.575873 -2.045607
v 0.903590 0.544350 -1.943521
v 0.896612 0.546746 -1.925524
v 0.936735 0.543321 -1.862606
v 0.876837 0.550654 -1.957750
v 0.896703 0.530463 -1.948121
v 0.875112 0.535766 -1.958301
v 0.911940 0.514108 -1.936895
v 0.923609 0.519497 -1.927895
v 0.945363 0.515275 -1.857699
v 0.883791 0.548871 -1.932491
v 0.871010 0.290100 -1.936200
v 0.804330 0.290100 -1.966320
v 0.827912 0.308720 -1.972541
v 0.871010 0.308231 -1.944195
v 0.926192 0.365753 -1.868992
v 0.912927 0.367819 -1.883456
v 0.892885 0.310249 -1.916576
v 0.901868 0.296764 -1.902854
v 0.924825 0.281326 -1.854040
v 0.923329 0.323589 -1.867983
v 0.969410 0.268752 -1.716610
v 0.978900 0.403456 -1.736261
v 0.978910 0.396845 -1.705755
v 0.969423 0.265895 -1.684285
v 0.909176 0.329818 -1.883074
v 0.982961 0.507123 -1.729904
v 0.983746 0.495091 -1.702446
v 0.729617 0.885730 -2.014990
v 0.363930 0.713027 -2.101534
v 0.496065 0.747497 -2.060816
v 0.501910 0.612248 -2.050597
v 0.629932 0.744554 -2.012118
v 0.631492 0.579176 -1.993643
v 0.535709 0.595953 -2.034140
v 0.525711 0.745034 -2.050030
v 0.370880 0.859607 -2.128597
v 0.351210 0.780814 -2.137923
v 0.494336 0.809431 -2.084846
v 0.496065 0.756505 -2.084687
v 0.629457 0.799636 -2.035990
v 0.629932 0.753563 -2.035990
v 0.527526 0.754034 -2.073243
v 0.526712 0.804758 -2.073139
v 0.877963 0.752420 -1.912423
v 0.727736 0.795792 -1.992674
v 0.728108 0.753110 -1.992674
v 0.728108 0.744102 -1.968802
v 0.729772 0.564965 -1.951503
v 0.829735 0.752638 -1.941716
v 0.877963 0.752420 -1.899130
v 0.729773 0.574278 -2.010833
v 0.729700 0.559682 -2.010360
v 0.830264 0.558135 -1.975856
v 0.830216 0.543150 -1.975670
v 0.346403 0.897366 -2.150157
v 0.494336 0.903313 -2.095905
v 0.524055 0.901962 -2.084984
v 0.630987 0.893518 -2.045692
v 0.729617 0.885730 -2.001698
v 0.351210 0.771805 -2.114051
v 0.829735 0.743629 -1.917844
v 0.830309 0.550427 -1.908394
v 0.877963 0.743411 -1.875258
v 0.883791 0.542693 -1.861147
v 0.900087 0.630569 -1.852008
v 0.900030 0.621368 -1.851626
v 0.354578 0.716668 -2.151119
v 0.343214 0.738541 -2.154875
v 0.353154 0.744301 -2.152192
v 0.364249 0.725008 -2.148411
v 0.352617 0.734653 -2.107822
v 0.000000 0.556161 -2.070112
v 0.330115 0.552418 -2.043340
v 0.493230 0.544937 -2.003281
v 0.530693 0.539188 -1.994081
v 0.863018 0.494431 -1.827783
v 0.819417 0.501815 -1.844791
v 0.898782 0.472774 -1.817182
v 0.883986 0.489128 -1.820816
v 0.859034 0.289271 -1.826943
v 0.880277 0.291288 -1.821725
v 0.896098 0.310857 -1.817838
v 0.528631 0.553736 -1.994588
v 0.493028 0.572001 -2.003330
v 0.357505 0.675334 -2.036612
v 0.346469 0.697206 -2.039323
v 0.817179 0.289759 -1.837222
v 0.528032 0.541361 -2.068021
v 0.494336 0.545752 -2.077799
v 0.559591 0.529495 -2.054786
v 0.325910 0.554746 -2.113948
v 0.000000 0.559425 -2.148403
v 0.524652 0.527819 -2.068021
v 0.493054 0.531771 -2.077799
v 0.552833 0.517353 -2.054786
v 0.325435 0.540707 -2.113948
v 0.000000 0.545376 -2.148403
v 0.524652 0.527819 -2.110084
v 0.493054 0.531771 -2.119861
v 0.552833 0.517353 -2.096850
v 0.325435 0.540707 -2.156012
v 0.000000 0.545376 -2.190465
v 0.324963 0.526773 -2.156012
v 0.000000 0.531433 -2.190465
v 0.521359 0.514364 -2.110084
v 0.491817 0.517890 -2.119861
v 0.546195 0.505260 -2.096850
v 0.387802 0.281753 -1.868208
v 0.642958 0.278649 -1.827834
v 0.792236 0.350373 -2.009847
v 0.803470 0.329896 -1.995606
v 0.803458 0.330431 -1.944156
v 0.792236 0.350373 -1.957969
v 0.791492 0.324459 -1.944077
v 0.780862 0.344571 -1.957964
v 0.791519 0.325248 -1.985548
v 0.780862 0.344571 -2.000151
v 0.782677 0.320731 -1.985835
v 0.769630 0.339089 -2.000123
v 0.804330 0.290100 -1.914333
v 0.790283 0.289796 -1.914333
v 0.790283 0.289796 -1.956396
v 0.777991 0.290282 -1.956396
v 0.344582 0.781061 -2.039785
v 0.000000 0.781683 -2.070111
v 0.721802 0.518347 -1.890418
v 0.570039 0.545587 -1.979713
v 0.566081 0.525963 -1.980685
v 0.826421 0.340590 -2.001375
v 0.814788 0.360773 -2.015498
v 0.804530 0.341737 -1.840330
v 0.815789 0.320365 -1.837565
v 0.725802 0.799213 -1.988436
v 0.627514 0.803439 -2.031796
v 0.524634 0.808641 -2.069009
v 0.492343 0.813919 -2.080782
v 0.370968 0.862224 -2.123587
v 0.367159 0.877508 -2.126249
v 0.376614 0.896111 -2.126420
v 0.492343 0.900544 -2.090990
v 0.522161 0.899244 -2.080053
v 0.628939 0.890887 -2.040838
v 0.727563 0.883467 -1.996896
v 0.000000 0.281753 -1.870780
v 0.000000 0.322456 -1.922896
v 0.155025 0.321746 -1.919235
v 0.213954 0.390418 -1.886714
v 0.215487 0.375168 -1.982583
v 0.187277 0.335021 -1.934666
v 0.185745 0.350270 -1.838798
v 0.153493 0.336994 -1.823367
v 0.000000 0.337705 -1.827027
v 0.203458 0.491266 -2.124117
v 0.000000 0.494428 -2.143085
v 0.225077 0.403139 -2.016147
v 0.226025 0.476323 -2.104405
v 0.000000 0.509676 -2.047217
v 0.201925 0.506514 -2.028248
v 0.224492 0.491571 -2.008535
v 0.223545 0.418387 -1.920278
v 0.000000 0.898866 -2.167191
v 0.141678 0.860151 -2.146420
v 0.165274 0.841465 -2.139904
v 0.000000 0.781683 -2.143379
v 0.163359 0.846617 -2.119124
v 0.139762 0.865302 -2.125640
v 0.144400 0.877618 -2.128153
v 0.146315 0.872467 -2.148933
v 0.273335 0.872980 -2.137845
v 0.271419 0.878131 -2.117065
v 0.193640 0.831740 -2.134968
v 0.191725 0.836891 -2.114188
v 0.301513 0.863143 -2.132719
v 0.299598 0.868294 -2.111938
v 0.337284 0.897150 -2.138672
v 0.341271 0.781061 -2.107205
v 0.319445 0.832086 -2.122966
v 0.324317 0.844540 -2.125718
v 0.322401 0.849692 -2.104937
v 0.317530 0.837237 -2.102186
v 0.496288 0.967688 -1.902837
v 0.496043 0.972460 -1.900557
v 0.617707 0.970896 -1.850607
v 0.617612 0.965902 -1.853265
v 0.316591 0.962168 -1.938634
v 0.316458 0.966975 -1.936104
v 0.000000 0.963552 -1.977002
v 0.000000 0.968349 -1.974431
v 0.683180 0.962046 -1.822836
v 0.685190 0.957505 -1.824082
v 0.832977 0.890935 -1.958117
v 0.828934 0.888583 -1.960012
v 0.000000 0.967353 -1.981018
v 0.317527 0.965959 -1.942607
v 0.296527 1.006804 -1.722855
v 0.463457 1.023311 -1.612916
v 0.000000 1.003030 -1.787974
v 0.497335 0.971514 -1.906562
v 0.618318 0.969506 -1.857367
v 0.686675 0.959960 -1.828779
v 0.829136 0.892727 -1.962713
v 0.824107 0.880519 -1.965433
v 0.823207 0.879174 -1.951986
v 0.855254 0.840173 -1.928816
v 0.827972 0.876533 -1.949070
v 0.850230 0.840755 -1.926489
v 0.822956 0.876921 -1.946363
v 0.827713 0.877973 -1.961968
v 0.825156 0.880960 -1.961004
v 0.825590 0.879716 -1.950527
v 0.435364 1.062006 -1.317668
v 0.448738 1.036307 -1.491107
v 0.457471 1.018144 -1.609327
v 0.294454 1.002409 -1.716982
v 0.456277 1.041005 -1.495150
v 0.000000 0.998618 -1.781808
v 0.320320 0.957251 -1.471904
v 0.592105 1.056160 -1.421656
v 0.593603 1.055248 -1.417014
v 0.538990 0.669623 2.140479
v 0.435505 0.657480 2.181901
v 0.435003 0.652192 2.184646
v 0.542138 0.664345 2.139836
v 0.395382 0.648900 2.195097
v 0.396301 0.643927 2.197328
v 0.216584 0.643729 2.247744
v 0.217684 0.638488 2.249745
v 0.109065 0.642372 2.272053
v 0.107645 0.637260 2.274207
v 0.000000 0.641167 2.261383
v 0.000000 0.636017 2.263623
v 0.397482 0.645489 2.201969
v 0.219047 0.639784 2.254154
v 0.106486 0.638684 2.278767
v 0.434763 0.653440 2.189799
v 0.000000 0.637402 2.268270
v 0.799256 0.886669 1.372075
v 0.803134 0.881141 1.374281
v 0.797541 0.886269 1.381832
v 0.784257 0.882341 1.441933
v 0.787641 0.877159 1.443130
v 0.661625 0.781409 1.877375
v 0.667015 0.776698 1.873766
v 0.715110 0.820001 1.731938
v 0.711056 0.825270 1.733807
v 0.752612 0.862719 1.588901
v 0.757476 0.857683 1.586059
v 0.782153 0.881371 1.451581
v 0.808959 0.885143 1.374207
v 0.793395 0.880806 1.447539
v 0.763639 0.862093 1.585860
v 0.673707 0.781433 1.872799
v 0.617256 0.715765 2.015878
v 0.606293 0.711734 2.026104
v 0.720464 0.824179 1.732712
v 0.643217 0.604246 2.188071
v 0.791704 0.708486 1.938698
v 0.768900 0.651203 2.047172
v 0.550265 0.689276 2.079729
v 0.749414 0.605731 2.113701
v 0.771570 0.608612 2.099078
v 0.814437 0.620384 2.046927
v 0.874932 0.645392 1.912745
v 0.913961 0.663166 1.809133
v 0.968067 0.691070 1.629893
v 0.968804 0.698345 1.586968
v 0.988827 0.761941 -1.625489
v 0.988562 0.750148 -1.588410
v 0.986958 0.724523 -1.609254
v 0.987245 0.737426 -1.643509
v 0.944670 0.770171 -1.731776
v 0.938458 0.797332 -1.733178
v 0.993243 0.737891 -1.644697
v 0.993230 0.724211 -1.609365
v 0.989081 0.654257 -1.656582
v 0.989074 0.669591 -1.685505
v 0.884150 0.805583 0.847620
v 0.952329 0.704731 0.968063
v 0.958848 0.720149 0.968323
v 0.956208 0.704637 0.972555
v 0.894376 0.834651 1.071751
v 0.974362 0.769889 1.124871
v 0.890378 0.812459 0.966420
v 0.974362 0.746075 1.144405
v 0.966386 0.691910 1.078255
v 0.966386 0.707290 1.046088
v 0.960952 0.722110 0.973023
v 0.535779 0.877151 1.489648
v 0.578109 0.871080 1.541610
v 0.580982 0.869593 1.539300
v 0.586587 0.870938 1.541079
v 0.613054 0.861264 1.580021
v 0.613349 0.865855 1.574854
v 0.618798 0.873656 1.518267
v 0.616557 0.871879 1.514822
v 0.722114 0.882121 1.440465
v 0.714902 0.877340 1.440603
v 0.543304 0.877604 1.486295
v 0.614461 0.875157 1.511288
v 0.707903 0.882279 1.441283
v 0.612361 0.864220 1.586073
v 0.581317 0.872451 1.534326
v 0.907223 0.408175 1.903663
v 0.938407 0.323546 1.811677
v 0.935539 0.320822 1.808902
v 0.923697 0.321773 1.801900
v 0.892343 0.408389 1.895431
v 0.963240 0.319842 1.730885
v 0.963240 0.319531 1.698856
v 0.965907 0.322886 1.699377
v 0.965907 0.323250 1.731129
v 0.611142 0.707696 2.023682
v 0.812652 0.758699 1.829769
v 0.979431 0.526308 -1.697304
v 0.982228 0.521698 -1.698389
v 0.981446 0.539009 -1.728955
v 0.979039 0.543442 -1.727211
v 0.913534 0.616974 -1.865421
v 0.910278 0.621810 -1.865201
v 0.900174 0.622306 -1.873061
v 0.902764 0.624671 -1.868939
v 0.901854 0.625347 -1.851809
v 0.912598 0.626646 -1.864981
v 0.900122 0.630672 -1.871565
v 0.982212 0.530916 -1.696219
v 0.982208 0.547875 -1.725467
v -0.320690 0.979356 -1.313844
v -0.271619 1.053714 -0.729364
v -0.620785 1.119090 -0.427253
v -0.690791 0.984429 -0.509055
v -0.689423 0.989702 -0.485176
v -0.631099 1.104981 -0.414284
v -0.605033 1.144673 -0.274766
v -0.618199 1.124062 -0.424044
v -0.616688 1.125808 -0.269813
v -0.541122 1.188472 -0.441256
v -0.613402 1.153707 -0.424913
v -0.604209 1.164413 -0.274709
v -0.538138 1.205141 -0.277143
v -0.646885 1.109371 0.502755
v -0.605334 1.152939 0.201744
v -0.620414 1.133392 0.201721
v -0.662103 1.088263 0.502718
v -0.841899 0.879995 1.162872
v -0.768637 0.968033 0.973355
v -0.784775 0.946973 0.976580
v -0.839492 0.879301 1.110461
v -0.715854 1.031444 0.795269
v -0.729214 1.011582 0.798174
v -0.808354 0.888211 0.201765
v -0.830894 0.877070 0.201765
v -0.861670 0.830296 0.511466
v -0.841289 0.845302 0.511466
v -0.770211 0.934906 -0.118355
v -0.790647 0.926556 -0.118355
v -0.598411 1.151171 -0.118360
v -0.613183 1.132711 -0.118360
v -0.153470 1.223683 -0.281563
v -0.149406 1.228487 -0.118355
v -0.151138 1.217348 0.201765
v -0.164126 1.171988 0.545552
v -0.242884 0.868259 1.504794
v -0.224342 0.847808 1.573697
v -0.916322 0.756847 0.201765
v -0.915882 0.451325 0.201765
v -0.929210 0.418100 0.521885
v -0.926002 0.728233 0.521885
v -0.945569 0.820392 0.201765
v -0.942033 0.774962 0.521885
v -0.947299 0.863335 -0.118355
v -0.892841 0.867639 1.334547
v -0.898373 0.856843 1.177079
v -0.976958 0.807832 1.206515
v -0.979750 0.823119 1.335004
v -0.935681 0.579009 1.809680
v -0.938707 0.606036 1.809680
v -0.968224 0.624523 1.681419
v -0.719817 1.022312 0.756675
v -0.614351 1.130343 -0.173706
v -0.824449 0.712582 1.927670
v -0.793436 0.655234 2.036894
v -0.775326 0.654451 2.046832
v -0.798815 0.713007 1.935885
v -0.277687 0.848873 1.565529
v -0.224491 0.853759 1.575509
v -0.221901 0.809335 1.759815
v -0.219354 0.746655 1.992602
v -0.315794 0.807467 1.742663
v -0.356459 0.747036 1.959538
v -0.277711 0.854824 1.567347
v -0.215807 0.228237 2.433473
v -0.215807 0.238352 2.430612
v -0.399005 0.500261 2.369622
v -0.215807 0.490889 2.436761
v -0.217332 0.571158 2.364690
v -0.399640 0.572415 2.308163
v -0.431614 0.502614 2.402408
v -0.417138 0.476718 2.397888
v -0.373889 0.463629 2.363853
v -0.215807 0.449036 2.411457
v -0.418311 0.585862 2.313376
v -0.436176 0.587672 2.307567
v -0.704748 0.996476 0.988202
v -0.767822 0.972054 0.973417
v -0.842618 0.876244 1.170806
v -0.815130 0.887601 1.309228
v -0.715051 1.037735 0.795308
v -0.651759 1.059126 0.805684
v -0.604553 1.160911 0.201765
v -0.646088 1.115654 0.502785
v -0.581134 1.145595 0.510289
v -0.547008 1.195484 0.201765
v -0.597626 1.169791 -0.118355
v -0.535154 1.208374 -0.118355
v -0.595547 1.129061 0.544657
v -0.367966 1.219544 0.201747
v -0.407352 1.167148 0.523055
v -0.334235 1.232210 -0.118347
v -0.318534 1.229662 -0.279181
v -0.443954 0.827047 1.718598
v -0.438692 0.759171 1.939706
v -0.448973 0.872461 1.524719
v -0.439519 0.883644 1.461885
v -0.448871 0.866489 1.522989
v -0.811994 0.881952 1.309423
v -0.630281 0.880172 1.436180
v -0.621999 0.890767 1.397559
v -0.543907 1.158285 0.503748
v -0.901185 0.588792 1.912428
v -0.835861 0.566913 2.052754
v -0.817626 0.619078 2.048677
v -0.878245 0.643959 1.913822
v -0.842043 0.519567 2.021271
v -0.899008 0.548606 1.909276
v -0.874963 0.649015 1.913307
v -0.814592 0.623881 2.046814
v -0.773997 0.614469 2.097498
v -0.757073 0.612197 2.107604
v -0.480547 0.507956 2.376367
v -0.511618 0.596251 2.272656
v -0.615521 0.524826 2.295380
v -0.716130 0.538300 2.217357
v -0.717735 0.517622 2.190383
v -0.611564 0.502835 2.275823
v -0.541380 0.665400 2.145527
v -0.644769 0.605296 2.193851
v -0.472566 0.484184 2.362248
v -0.754442 0.606108 2.116360
v -0.757275 0.521251 2.150123
v -0.756764 0.544862 2.175437
v -0.938778 0.415823 1.809680
v -0.938741 0.518514 1.809680
v -0.965947 0.523804 1.725907
v -0.965846 0.421255 1.738515
v -0.213422 0.445092 2.395101
v -0.415716 0.474606 2.377508
v -0.372555 0.459096 2.347487
v -0.602117 0.501707 2.261693
v -0.431070 0.478113 2.362444
v -0.888394 0.859336 1.450379
v -0.977570 0.810039 1.444790
v -0.965947 0.526544 1.692399
v -0.965846 0.423677 1.706769
v -0.961741 0.592747 1.667823
v -0.960996 0.560270 1.681993
v -0.961112 0.554303 1.715398
v -0.961856 0.585892 1.701445
v -0.979750 0.793388 1.335367
v -0.977570 0.781609 1.441567
v -0.976958 0.780828 1.222732
v -0.965469 0.517166 0.968157
v -0.965469 0.512791 0.999465
v -0.965927 0.610331 1.028550
v -0.965927 0.617043 0.995379
v -0.965560 0.422101 0.952055
v -0.965560 0.420393 0.984584
v -0.965607 0.370110 0.983359
v -0.965605 0.373583 0.949922
v -0.902480 0.518140 1.907707
v -0.941073 0.541601 1.799416
v -0.936322 0.541173 1.797968
v -0.931480 0.567708 1.808232
v -0.974315 0.768817 1.543200
v -0.879748 0.835598 1.566213
v -0.917316 0.661782 1.809939
v -0.971890 0.687896 1.635712
v -0.847065 0.765921 1.810425
v -0.865938 0.803613 1.689251
v -0.972149 0.696542 1.625828
v -0.913948 0.666740 1.809967
v -0.560117 0.773714 1.907868
v -0.601152 0.848218 1.661691
v -0.547494 0.693971 2.079145
v -0.822304 0.767552 1.816917
v -0.968224 0.629409 1.647519
v -0.971890 0.694460 1.591916
v -0.974315 0.743529 1.534487
v -0.972306 0.702879 1.582061
v -0.938815 0.317309 1.809680
v -0.938850 0.228237 1.809680
v -0.854133 0.228237 2.002844
v -0.870089 0.281120 1.984667
v -0.776361 0.228011 2.186009
v -0.775949 0.233922 2.187448
v -0.861493 0.346053 1.995993
v -0.600408 0.492298 2.260283
v -0.456675 0.471735 2.343949
v -0.600977 0.335835 2.218864
v -0.610960 0.339742 2.210910
v -0.623334 0.320785 2.211243
v -0.609585 0.321051 2.221295
v -0.761510 0.228011 2.205269
v -0.756290 0.238784 2.200871
v -0.771660 0.245171 2.181220
v -0.741266 0.520594 2.148058
v -0.724356 0.519325 2.163835
v -0.742297 0.507527 2.145605
v -0.725457 0.508344 2.162187
v -0.827404 0.518938 2.012584
v -0.771196 0.608596 2.106230
v -0.811727 0.500563 2.064725
v -0.818293 0.474916 2.048015
v -0.816098 0.477733 2.011856
v -0.803689 0.491510 2.028843
v -0.805735 0.490977 2.065992
v -0.824691 0.486199 2.047575
v -0.845259 0.425590 2.013935
v -0.836772 0.423001 2.017863
v -0.830997 0.360069 1.920961
v -0.852905 0.365574 1.993221
v -0.862989 0.365659 1.989688
v -0.849535 0.343971 2.002737
v -0.819868 0.345105 1.915755
v -0.965966 0.228237 1.677333
v -0.962420 0.217781 1.677333
v -0.962420 0.217781 1.711786
v -0.965966 0.228237 1.711786
v -0.215807 0.217781 2.427841
v -0.935303 0.217781 1.809680
v -0.850586 0.217781 2.002844
v -0.774449 0.217781 2.178901
v -0.759598 0.217781 2.198161
v -0.215726 0.445092 2.206337
v -0.413012 0.474606 2.161602
v -0.370944 0.459096 2.171259
v -0.215062 0.238477 2.206486
v -0.427975 0.478113 2.158164
v -0.593744 0.335835 2.120890
v -0.456675 0.471736 2.278632
v -0.646657 0.314051 2.069019
v -0.630000 0.247251 2.293361
v -0.660417 0.306626 2.052178
v -0.640873 0.238596 2.294829
v -0.757115 0.308044 1.958850
v -0.775752 0.314788 1.944640
v -0.743756 0.507146 2.083008
v -0.724985 0.508251 2.096167
v -0.431614 0.228237 2.354554
v -0.431614 0.238596 2.351599
v -0.550983 0.228237 2.293955
v -0.549259 0.238596 2.295605
v -0.616872 0.238596 2.312924
v -0.629870 0.228410 2.313477
v -0.550984 0.217781 2.288322
v -0.431614 0.217781 2.348921
v -0.630474 0.217781 2.300549
v -0.418226 0.238617 2.159600
v -0.609252 0.238596 2.117402
v -0.602141 0.321051 2.119002
v -0.539111 0.871671 1.486672
v -0.163911 1.166047 0.543712
v -0.406752 1.161210 0.521308
v -0.630915 0.886167 1.437694
v -0.806623 0.887630 1.315959
v -0.704122 0.990535 0.986472
v -0.651261 1.053164 0.803977
v -0.595006 1.123094 0.542984
v -0.580563 1.139664 0.508495
v -0.543196 1.152346 0.502039
v -0.619665 0.866701 1.391131
v -0.808916 0.857960 1.302985
v -0.438548 0.859562 1.455164
v -0.242379 0.844284 1.497624
v -0.966724 0.592622 1.667801
v -0.966722 0.586042 1.702158
v -0.936230 0.568135 1.809680
v -0.965978 0.554455 1.716111
v -0.965979 0.560144 1.681971
v -0.856840 0.848023 0.960699
v -0.868115 0.835533 0.957446
v -0.760963 0.947943 -0.118245
v -0.770404 0.939246 -0.118222
v -0.808610 0.892462 0.201906
v -0.797822 0.903384 0.201927
v -0.756363 0.951030 -0.149532
v -0.747104 0.955351 -0.259232
v -0.738895 0.963311 -0.259987
v -0.849511 0.839247 0.781832
v -0.852096 0.836280 0.822782
v -0.752821 0.953485 -0.172517
v -0.614995 1.129161 -0.194615
v -0.618460 1.148652 -0.463945
v -0.614725 1.150564 -0.423965
v -0.620536 1.145459 -0.463313
v -0.613136 1.120891 -0.423697
v -0.600084 1.141291 -0.274796
v -0.600573 1.149296 0.201872
v -0.642024 1.105868 0.502942
v -0.763779 0.964525 0.973577
v -0.837237 0.876244 1.163126
v -0.710957 1.027992 0.795505
v -0.593622 1.147568 -0.118325
v -0.863639 0.831566 0.957848
v -0.867689 0.831566 0.957571
v -0.804384 0.888211 0.201779
v -0.766269 0.934906 -0.118197
v -0.686012 0.980908 -0.508533
v -0.643336 0.980908 -0.619183
v -0.663058 0.977146 -0.651154
v -0.705733 0.977146 -0.540505
v -0.625998 1.101857 -0.414021
v -0.684644 0.986181 -0.484655
v -0.615653 1.116056 -0.426628
v -0.611619 1.122606 -0.269806
v -0.657241 1.084760 0.502905
v -0.615654 1.129750 0.201848
v -0.834831 0.875549 1.110715
v -0.779918 0.943465 0.976802
v -0.724321 1.008121 0.798361
v -0.608485 1.128987 -0.118270
v -0.714904 1.018880 0.756865
v -0.609651 1.126624 -0.173573
v -0.852364 0.844056 0.961102
v -0.847408 0.832575 0.823107
v -0.827943 0.854867 0.511068
v -0.832289 0.858996 0.511142
v -0.844850 0.835498 0.781891
v -0.793595 0.899132 0.201801
v -0.756846 0.943587 -0.118229
v -0.751972 0.946978 -0.149352
v -0.734612 0.959136 -0.259644
v -0.748370 0.949491 -0.172323
v -0.610083 1.125741 -0.194499
v -0.743645 0.950594 -0.254198
v -0.633530 1.138367 -0.529254
v -0.622202 1.100373 -0.680745
v -0.742872 1.064894 -0.709691
v -0.652499 1.036426 -0.889896
v -0.298069 1.204362 -0.515029
v -0.155482 1.196831 -0.549880
v -0.157605 1.192726 -0.552391
v -0.298203 1.200153 -0.518040
v -0.403259 1.143360 -0.848143
v -0.267121 1.162608 -0.741717
v -0.271619 1.156409 -0.745255
v -0.397433 1.138367 -0.844973
v -0.159889 1.196059 -0.555868
v -0.298498 1.203382 -0.522016
v -0.586752 1.070328 -1.321503
v -0.555451 1.152891 -0.739469
v -0.440918 1.067708 -1.317373
v -0.552293 1.166225 -0.660628
v -0.555381 1.166855 -0.653920
v -0.631433 1.141592 -0.527643
v -0.555233 1.162548 -0.657996
v -0.558757 1.164508 -0.659326
v -0.633878 1.140120 -0.533827
v -0.846053 0.992091 -0.890928
v -0.745689 1.070207 -0.711938
v -0.730014 1.066985 -0.972650
v -0.818204 1.004538 -1.103554
v -0.644194 1.113780 -0.846112
v -0.561391 1.154130 -0.727096
v -0.821476 0.998558 -1.115484
v -0.727629 1.062522 -0.977657
v -0.558531 1.149644 -0.731361
v -0.642318 1.108900 -0.851514
v -0.588762 1.067622 -1.321096
v -0.943480 0.807087 0.201765
v -0.941552 0.766581 0.521885
v -0.997519 0.496337 -0.905350
v -0.997519 0.491981 -0.933320
v -0.997534 0.382514 -0.930295
v -0.997534 0.383964 -0.898063
v -0.798851 1.000826 -1.317163
v -0.801917 1.002357 -1.319309
v -0.813205 1.001675 -1.219318
v -0.824491 1.000994 -1.119326
v -0.864535 0.555897 -0.706953
v -0.891767 0.526471 -0.450133
v -0.842944 0.804404 -0.556826
v -0.808953 0.805630 -0.779016
v -0.889013 0.539467 -0.750794
v -0.868159 0.807832 -0.830323
v -0.658603 1.015418 -0.889896
v -0.847097 0.984754 -0.889395
v -0.709074 0.976311 -0.545462
v -0.833803 0.862044 -0.790352
v -0.902139 0.869443 -0.544994
v -0.939971 0.936892 -0.683225
v -0.943717 0.917870 -0.509161
v -0.741806 0.951688 -0.263534
v -0.747627 0.950593 -0.254625
v -0.742032 0.948101 -0.259148
v -0.746491 0.948138 -0.259489
v -0.767542 0.940901 -0.266537
v -0.768570 0.943224 -0.261634
v -0.943148 0.890157 -0.323406
v -0.946380 0.892425 -0.319503
v -0.943771 0.876069 -0.315665
v -0.947026 0.873815 -0.310347
v -0.947804 0.879222 -0.323008
v -0.946583 0.866039 -0.515730
v -0.942911 0.862446 -0.515627
v -0.946005 0.875737 -0.320692
v -0.896569 0.794153 -0.275580
v -0.899720 0.793376 -0.270579
v -0.962588 0.522917 0.926044
v -0.958305 0.423941 0.909984
v -0.955393 0.423612 0.915024
v -0.959540 0.522045 0.931022
v -0.959262 0.624174 0.951726
v -0.962301 0.624501 0.946659
v -0.956101 0.378565 0.902664
v -0.953175 0.377951 0.907671
v -0.902956 0.492703 -0.179418
v -0.906066 0.492200 -0.174559
v -0.961183 0.352870 0.902938
v -0.951757 0.370997 0.522910
v -0.956246 0.366841 0.522730
v -0.963508 0.348799 0.902202
v -0.962020 0.358312 0.899043
v -0.962176 0.351812 0.948755
v -0.965403 0.357105 0.949095
v -0.962398 0.357987 0.908691
v -0.961771 0.399156 -0.150205
v -0.956535 0.379352 0.201550
v -0.951894 0.383201 0.201754
v -0.958936 0.405105 -0.153654
v -0.965619 0.356502 0.983028
v -0.962283 0.351119 0.982935
v -0.947526 0.846977 -0.626775
v -0.943470 0.843517 -0.626118
v -0.955287 0.704857 0.963014
v -0.963330 0.521204 0.935444
v -0.959319 0.423316 0.919505
v -0.960671 0.721193 0.963373
v -0.885003 0.804538 0.837208
v -0.963064 0.623879 0.956235
v -0.957087 0.377369 0.912119
v -0.857992 0.821016 0.830550
v -0.862009 0.821016 0.830330
v -0.745809 0.951688 -0.263969
v -0.766966 0.944585 -0.271057
v -0.960430 0.718320 0.963310
v -0.907344 0.783353 -0.119546
v -0.924553 0.583414 -0.851259
v -0.939085 0.485003 -0.833965
v -0.964206 0.494439 -0.795488
v -0.943603 0.563704 -0.823365
v -0.953950 0.376338 0.523042
v -0.953934 0.388236 0.201912
v -0.958442 0.409117 -0.149746
v -0.967788 0.483264 -0.489570
v -0.967557 0.446392 -0.359436
v -0.905336 0.492350 -0.184520
v -0.898910 0.794073 -0.280825
v -0.961247 0.407498 -0.158335
v -0.963197 0.514970 -0.531154
v -0.946286 0.893434 -0.329394
v -0.965629 0.347703 0.948366
v -0.965628 0.346922 0.982795
v -0.862221 0.824633 0.825537
v -0.841601 0.849431 0.511566
v -0.837255 0.845302 0.511491
v -0.857470 0.820995 0.821013
v -0.860571 0.818776 0.825553
v -0.861522 0.820995 0.820790
v -0.883382 0.802830 0.842406
v -0.857643 0.818271 0.825781
v -0.940857 0.847266 -0.118344
v -0.942149 0.862563 -0.237636
v -0.939034 0.861290 -0.235851
v -0.937585 0.846503 -0.118385
v -0.936385 0.830657 -0.004683
v -0.939380 0.830570 -0.001033
v -0.928050 0.837456 -0.247731
v -0.926122 0.838834 -0.244797
v -0.917376 0.802525 -0.119412
v -0.919246 0.794264 -0.028695
v -0.917943 0.797498 -0.030391
v -0.916299 0.805859 -0.119060
v -0.914239 0.816395 -0.227899
v -0.915207 0.813406 -0.230410
v -0.938760 0.843413 -0.118751
v -0.935407 0.836994 -0.118800
v -0.935137 0.824664 -0.021422
v -0.937836 0.828416 -0.008660
v -0.940366 0.857687 -0.234391
v -0.928642 0.837884 -0.242190
v -0.917719 0.817055 -0.225713
v -0.919670 0.806865 -0.119033
v -0.921087 0.798404 -0.032413
v -0.965911 0.316434 1.730640
v -0.965911 0.316175 1.698336
v -0.963529 0.321520 0.896426
v -0.965676 0.319703 0.948384
v -0.961356 0.323889 0.948289
v -0.959219 0.325816 0.897100
v -0.952410 0.346456 0.522931
v -0.956800 0.342205 0.523118
v -0.963122 0.322770 0.873859
v -0.952782 0.357001 0.201731
v -0.957194 0.352828 0.201552
v -0.957101 0.378503 -0.121362
v -0.961479 0.374400 -0.120103
v -0.961355 0.322697 0.983008
v -0.965674 0.318669 0.983776
v -0.993374 0.238542 -0.947833
v -0.993248 0.238344 -0.983345
v -0.997554 0.234427 -0.984785
v -0.997806 0.234324 -0.947372
v -0.966994 0.305917 0.893788
v -0.969180 0.303737 0.954932
v -0.969188 0.302167 0.991065
v -0.997550 0.254045 -0.944202
v -0.997553 0.242442 -0.981836
v -0.997555 0.225609 -0.988029
v -0.997555 0.225609 -0.949813
v -0.965648 0.328255 0.948262
v -0.965648 0.326907 0.982308
v -0.963518 0.330294 0.897843
v -0.956628 0.350890 0.522813
v -0.956979 0.361357 0.201978
v -0.961332 0.382786 -0.122554
v -0.997553 0.242942 -0.948227
v -0.966136 0.236835 1.016199
v -0.966137 0.236791 0.980857
v -0.963819 0.236669 0.882079
v -0.958054 0.286428 0.522528
v -0.962160 0.320745 0.870912
v -0.959316 0.267386 0.201695
v -0.938200 0.236688 0.201734
v -0.930127 0.236678 0.522131
v -0.966199 0.225609 0.985236
v -0.966199 0.225609 1.020646
v -0.963856 0.225609 0.880210
v -0.959173 0.236678 0.522002
v -0.959422 0.225609 0.521885
v -0.962448 0.225609 0.766421
v -0.962333 0.236672 0.766918
v -0.960079 0.236688 0.201747
v -0.960353 0.225609 0.201765
v -0.966606 0.307119 0.871376
v -0.970380 0.441447 -0.361224
v -0.971669 0.479499 -0.491842
v -0.966768 0.513710 -0.535589
v -0.991004 0.450883 -0.814963
v -0.992175 0.403759 -0.813889
v -0.968505 0.345830 -0.322023
v -0.978712 0.314662 -0.493007
v -0.983158 0.310373 -0.492115
v -0.972931 0.341556 -0.320871
v -0.962702 0.372740 -0.149626
v -0.958303 0.376981 -0.151129
v -0.987912 0.237285 -0.488412
v -0.976502 0.237338 -0.304045
v -0.964852 0.248232 -0.120885
v -0.958294 0.237390 -0.119961
v -0.962513 0.381404 -0.152562
v -0.982873 0.319133 -0.493832
v -0.972693 0.350269 -0.323197
v -0.993927 0.269219 -0.867487
v -0.994689 0.257802 -0.859602
v -0.965351 0.225609 -0.118355
v -0.965092 0.237390 -0.119676
v -0.988671 0.225609 -0.487821
v -0.977011 0.225609 -0.303087
v -0.959841 0.320745 0.881511
v -0.919871 0.236672 0.836574
v -0.955360 0.236672 0.842521
v -0.963325 0.307756 0.880587
v -0.957679 0.236672 0.764795
v -0.922191 0.236672 0.748610
v -0.965644 0.307756 0.868397
v -0.942569 0.392837 -0.829494
v -0.921389 0.286034 -0.853680
v -0.953816 0.298495 -0.810487
v -0.977241 0.408876 -0.781014
v -0.975712 0.447319 -0.781194
v -0.966013 0.555911 -0.568499
v -0.991435 0.507843 -0.840292
v -0.955879 0.670951 -0.642842
v -0.960837 0.669851 -0.647075
v -0.962516 0.558015 -0.565293
v -0.993796 0.591862 -0.889176
v -0.997502 0.615660 -0.937029
v -0.997502 0.610413 -0.966878
v -0.997484 0.720912 -1.001253
v -0.997484 0.709748 -1.028123
v -0.948626 0.802043 -0.733449
v -0.936541 0.849882 -0.223841
v -0.923629 0.804033 -0.037198
v -0.927951 0.840950 -0.118332
v -0.915138 0.816420 -0.118521
v -0.916127 0.807903 -0.036718
v -0.927636 0.828535 -0.020942
v -0.914052 0.826559 -0.216459
v -0.929130 0.853924 -0.223384
v -0.922595 0.812463 -0.118989
v -0.921463 0.822516 -0.216916
v -0.958313 0.918255 -1.318378
v -0.997437 0.858215 -1.317856
v -0.997449 0.845435 -1.209713
v -0.962120 0.910235 -1.196317
v -0.907026 0.970550 -1.317856
v -0.916790 0.970518 -1.183599
v -0.997442 0.833044 -1.317856
v -0.997454 0.820125 -1.218178
v -0.997462 0.806239 -1.100750
v -0.966586 0.888100 -1.072792
v -0.923342 0.963620 -1.045420
v -0.997467 0.784406 -1.116748
v -0.936225 0.950358 -0.857287
v -0.997482 0.716791 -1.034319
v -0.996887 0.728926 -1.007334
v -0.965119 0.856069 -0.926933
v -0.947558 0.811335 -0.738532
v -0.993925 0.712935 -1.031387
v -0.993627 0.724585 -1.004460
v -0.944559 0.807832 -0.732964
v -0.337283 0.897150 -2.151965
v -0.333522 0.923854 -2.186922
v -0.455379 1.042211 -1.487099
v -0.591841 1.057290 -1.413554
v -0.599262 1.040699 -1.554412
v -0.657829 1.017583 -1.613943
v -0.660168 1.014042 -1.611424
v -0.600348 1.038006 -1.550666
v -0.559591 0.529495 -2.106773
v -0.569351 0.544925 -2.113071
v -0.532912 0.558149 -2.126735
v -0.528031 0.541361 -2.120008
v -0.723034 0.986921 -1.680110
v -0.726127 0.983704 -1.677120
v -0.764606 0.997817 -1.501582
v -0.761755 0.995781 -1.500777
v -0.727962 0.986115 -1.680597
v -0.494336 0.903313 -2.109198
v -0.494336 0.915516 -2.153689
v -0.376842 0.897953 -2.145216
v -0.495161 0.934418 -2.150761
v -0.330459 0.942066 -2.184756
v -0.997389 0.798486 -1.590758
v -0.994824 0.762406 -1.626677
v -0.994833 0.749836 -1.588521
v -0.997401 0.787179 -1.548460
v -0.525144 0.901876 -2.097878
v -0.630986 0.893518 -2.058984
v -0.631653 0.907733 -2.095011
v -0.734742 0.911268 -2.033447
v -0.629833 0.923004 -2.094241
v -0.737136 0.896817 -2.034222
v -0.494336 0.545752 -2.129785
v -0.494336 0.563898 -2.137997
v -0.326373 0.571379 -2.174150
v -0.325910 0.554746 -2.165935
v -0.376842 0.897953 -2.131923
v -0.346402 0.897366 -2.136864
v -0.366597 0.877255 -2.131601
v -0.870507 0.793357 -1.912853
v -0.864518 0.796624 -1.911434
v -0.827767 0.797468 -1.937472
v -0.829760 0.794470 -1.941716
v -0.530788 0.595070 -2.085044
v -0.535709 0.608176 -2.084315
v -0.501910 0.624470 -2.097625
v -0.494128 0.613336 -2.098652
v -0.893528 0.964676 -1.478342
v -0.952634 0.910540 -1.463553
v -0.997415 0.845432 -1.445992
v -0.997421 0.821511 -1.439295
v -0.941381 0.892385 -1.609372
v -0.997392 0.802931 -1.577052
v -0.878303 0.951425 -1.638829
v -0.858389 0.930650 -1.800024
v -0.689596 0.960162 -1.824609
v -0.932723 0.876132 -1.692974
v -0.867133 0.840378 -1.933883
v -0.855253 0.840173 -1.942109
v -0.870507 0.793357 -1.926147
v -0.881987 0.793214 -1.917848
v -0.924854 0.854431 -1.769530
v -0.922416 0.845062 -1.769148
v -0.944183 0.798574 -1.735443
v -0.847492 0.875179 -1.949227
v -0.950394 0.771412 -1.734041
v -0.631248 0.575873 -2.045607
v -0.631500 0.590065 -2.046304
v -0.903590 0.544350 -1.943521
v -0.936734 0.543321 -1.862606
v -0.896612 0.546746 -1.925524
v -0.876837 0.550654 -1.957750
v -0.875112 0.535766 -1.958301
v -0.896702 0.530463 -1.948121
v -0.911940 0.514108 -1.936895
v -0.923608 0.519497 -1.927895
v -0.945362 0.515275 -1.857699
v -0.883790 0.548871 -1.932491
v -0.871009 0.290100 -1.936200
v -0.871009 0.308231 -1.944195
v -0.827911 0.308720 -1.972541
v -0.804329 0.290100 -1.966320
v -0.926192 0.365753 -1.868992
v -0.912926 0.367819 -1.883456
v -0.901867 0.296764 -1.902854
v -0.892884 0.310249 -1.916576
v -0.924825 0.281326 -1.854040
v -0.923329 0.323589 -1.867983
v -0.969410 0.268752 -1.716610
v -0.969423 0.265895 -1.684285
v -0.978910 0.396845 -1.705755
v -0.978899 0.403456 -1.736261
v -0.909175 0.329818 -1.883074
v -0.983746 0.495091 -1.702446
v -0.982962 0.507123 -1.729904
v -0.729617 0.885730 -2.014990
v -0.363929 0.713027 -2.101534
v -0.501910 0.612248 -2.050597
v -0.496064 0.747497 -2.060816
v -0.629932 0.744554 -2.012118
v -0.525711 0.745034 -2.050030
v -0.535709 0.595953 -2.034140
v -0.631492 0.579176 -1.993643
v -0.370880 0.859607 -2.128597
v -0.351209 0.780814 -2.137923
v -0.494336 0.809431 -2.084846
v -0.496064 0.756505 -2.084687
v -0.629456 0.799636 -2.035990
v -0.526712 0.804758 -2.073139
v -0.527526 0.754034 -2.073243
v -0.629932 0.753563 -2.035990
v -0.877962 0.752420 -1.912423
v -0.727736 0.795792 -1.992674
v -0.728107 0.753110 -1.992674
v -0.728107 0.744102 -1.968802
v -0.729772 0.564965 -1.951503
v -0.829735 0.752638 -1.941716
v -0.877962 0.752420 -1.899130
v -0.729699 0.559682 -2.010360
v -0.729773 0.574278 -2.010833
v -0.830215 0.543150 -1.975670
v -0.830264 0.558135 -1.975856
v -0.346402 0.897366 -2.150157
v -0.494336 0.903313 -2.095905
v -0.524055 0.901962 -2.084984
v -0.630986 0.893518 -2.045692
v -0.729617 0.885730 -2.001698
v -0.351209 0.771805 -2.114051
v -0.829735 0.743629 -1.917844
v -0.830309 0.550427 -1.908394
v -0.883790 0.542693 -1.861147
v -0.877962 0.743411 -1.875258
v -0.900029 0.621368 -1.851626
v -0.900087 0.630569 -1.852008
v -0.354578 0.716668 -2.151119
v -0.364248 0.725008 -2.148411
v -0.353155 0.744301 -2.152192
v -0.343213 0.738541 -2.154875
v -0.352617 0.734653 -2.107822
v -0.330114 0.552418 -2.043340
v -0.493229 0.544937 -2.003281
v -0.530692 0.539188 -1.994081
v -0.819417 0.501815 -1.844791
v -0.863018 0.494431 -1.827783
v -0.883985 0.489128 -1.820816
v -0.898782 0.472774 -1.817182
v -0.880277 0.291288 -1.821725
v -0.859033 0.289271 -1.826943
v -0.896097 0.310857 -1.817838
v -0.493029 0.572001 -2.003330
v -0.528630 0.553736 -1.994588
v -0.357505 0.675334 -2.036612
v -0.346468 0.697206 -2.039323
v -0.817179 0.289759 -1.837222
v -0.494336 0.545752 -2.077799
v -0.528031 0.541361 -2.068021
v -0.559591 0.529495 -2.054786
v -0.325910 0.554746 -2.113948
v -0.493053 0.531771 -2.077799
v -0.524651 0.527819 -2.068021
v -0.552833 0.517353 -2.054786
v -0.325435 0.540707 -2.113948
v -0.493053 0.531771 -2.119861
v -0.524651 0.527819 -2.110084
v -0.552833 0.517353 -2.096850
v -0.325435 0.540707 -2.156012
v -0.324963 0.526773 -2.156012
v -0.491816 0.517890 -2.119861
v -0.521359 0.514364 -2.110084
v -0.546195 0.505260 -2.096850
v -0.387801 0.281753 -1.868208
v -0.642958 0.278649 -1.827834
v -0.792235 0.350373 -2.009847
v -0.792235 0.350373 -1.957969
v -0.803458 0.330431 -1.944156
v -0.803470 0.329896 -1.995606
v -0.780861 0.344571 -1.957964
v -0.791491 0.324459 -1.944077
v -0.780861 0.344571 -2.000151
v -0.791519 0.325248 -1.985548
v -0.769631 0.339089 -2.000123
v -0.782676 0.320731 -1.985835
v -0.804329 0.290100 -1.914333
v -0.790283 0.289796 -1.914333
v -0.790283 0.289796 -1.956396
v -0.777990 0.290282 -1.956396
v -0.344581 0.781061 -2.039785
v -0.721801 0.518347 -1.890418
v -0.570038 0.545587 -1.979713
v -0.566081 0.525963 -1.980685
v -0.826421 0.340590 -2.001375
v -0.815789 0.320365 -1.837565
v -0.804529 0.341737 -1.840330
v -0.814787 0.360773 -2.015498
v -0.725801 0.799213 -1.988436
v -0.627514 0.803439 -2.031796
v -0.524634 0.808641 -2.069009
v -0.492342 0.813919 -2.080782
v -0.370968 0.862224 -2.123587
v -0.367159 0.877508 -2.126249
v -0.376613 0.896111 -2.126420
v -0.492342 0.900544 -2.090990
v -0.522161 0.899244 -2.080053
v -0.628939 0.890887 -2.040838
v -0.727562 0.883467 -1.996896
v -0.155024 0.321746 -1.919235
v -0.213954 0.390418 -1.886714
v -0.185744 0.350270 -1.838798
v -0.187277 0.335021 -1.934666
v -0.215486 0.375168 -1.982583
v -0.153492 0.336994 -1.823367
v -0.203457 0.491266 -2.124117
v -0.226025 0.476323 -2.104405
v -0.225076 0.403139 -2.016147
v -0.201925 0.506514 -2.028248
v -0.224492 0.491571 -2.008535
v -0.223544 0.418387 -1.920278
v -0.165273 0.841465 -2.139904
v -0.141678 0.860151 -2.146420
v -0.163358 0.846617 -2.119124
v -0.139762 0.865302 -2.125640
v -0.144399 0.877618 -2.128153
v -0.271419 0.878131 -2.117065
v -0.273335 0.872980 -2.137845
v -0.146315 0.872467 -2.148933
v -0.193639 0.831740 -2.134968
v -0.191724 0.836891 -2.114188
v -0.299597 0.868294 -2.111938
v -0.301512 0.863143 -2.132719
v -0.337283 0.897150 -2.138672
v -0.341272 0.781061 -2.107205
v -0.319444 0.832086 -2.122966
v -0.322401 0.849692 -2.104937
v -0.324316 0.844540 -2.125718
v -0.317529 0.837237 -2.102186
v -0.496287 0.967688 -1.902837
v -0.617611 0.965902 -1.853265
v -0.617707 0.970896 -1.850607
v -0.496043 0.972460 -1.900557
v -0.316457 0.966975 -1.936104
v -0.316591 0.962168 -1.938634
v -0.685190 0.957505 -1.824082
v -0.683180 0.962046 -1.822836
v -0.828934 0.888583 -1.960012
v -0.832976 0.890935 -1.958117
v -0.317527 0.965959 -1.942607
v -0.463457 1.023311 -1.612916
v -0.296527 1.006804 -1.722855
v -0.497335 0.971514 -1.906562
v -0.618318 0.969506 -1.857367
v -0.686675 0.959960 -1.828779
v -0.829135 0.892727 -1.962713
v -0.824106 0.880519 -1.965433
v -0.823206 0.879174 -1.951986
v -0.855253 0.840173 -1.928816
v -0.827971 0.876533 -1.949070
v -0.822956 0.876921 -1.946363
v -0.850229 0.840755 -1.926489
v -0.825156 0.880960 -1.961004
v -0.827712 0.877973 -1.961968
v -0.825589 0.879716 -1.950527
v -0.435363 1.062006 -1.317668
v -0.448737 1.036307 -1.491107
v -0.457470 1.018144 -1.609327
v -0.294454 1.002409 -1.716982
v -0.456277 1.041005 -1.495150
v -0.320319 0.957251 -1.471904
v -0.592104 1.056160 -1.421656
v -0.593603 1.055248 -1.417014
v -0.538989 0.669623 2.140479
v -0.542139 0.664345 2.139836
v -0.435002 0.652192 2.184646
v -0.435505 0.657480 2.181901
v -0.396300 0.643927 2.197328
v -0.395381 0.648900 2.195097
v -0.217684 0.638488 2.249745
v -0.216584 0.643729 2.247744
v -0.107645 0.637260 2.274207
v -0.109065 0.642372 2.272053
v -0.219047 0.639784 2.254154
v -0.397482 0.645489 2.201969
v -0.106486 0.638684 2.278767
v -0.434763 0.653440 2.189799
v -0.803133 0.881141 1.374281
v -0.799256 0.886669 1.372075
v -0.787640 0.877159 1.443130
v -0.784256 0.882341 1.441933
v -0.797541 0.886269 1.381832
v -0.661625 0.781409 1.877375
v -0.711056 0.825270 1.733807
v -0.715109 0.820001 1.731938
v -0.667015 0.776698 1.873766
v -0.752612 0.862719 1.588901
v -0.782153 0.881371 1.451581
v -0.757475 0.857683 1.586059
v -0.808959 0.885143 1.374207
v -0.763639 0.862093 1.585860
v -0.793394 0.880806 1.447539
v -0.673706 0.781433 1.872799
v -0.617255 0.715765 2.015878
v -0.606292 0.711734 2.026104
v -0.720463 0.824179 1.732712
v -0.643217 0.604246 2.188071
v -0.791704 0.708486 1.938698
v -0.768900 0.651203 2.047172
v -0.550266 0.689276 2.079729
v -0.749413 0.605731 2.113701
v -0.771569 0.608612 2.099078
v -0.814438 0.620384 2.046927
v -0.874932 0.645392 1.912745
v -0.913961 0.663166 1.809133
v -0.968066 0.691070 1.629893
v -0.968804 0.698345 1.586968
v -0.988826 0.761941 -1.625489
v -0.987245 0.737426 -1.643509
v -0.986958 0.724523 -1.609254
v -0.988561 0.750148 -1.588410
v -0.938458 0.797332 -1.733178
v -0.944669 0.770171 -1.731776
v -0.993242 0.737891 -1.644697
v -0.989073 0.669591 -1.685505
v -0.989081 0.654257 -1.656582
v -0.993229 0.724211 -1.609365
v -0.884149 0.805583 0.847620
v -0.952328 0.704731 0.968063
v -0.958847 0.720149 0.968323
v -0.956208 0.704637 0.972555
v -0.894376 0.834651 1.071751
v -0.974362 0.769889 1.124871
v -0.890377 0.812459 0.966420
v -0.974362 0.746075 1.144405
v -0.966386 0.691910 1.078255
v -0.966386 0.707290 1.046088
v -0.960952 0.722110 0.973023
v -0.580982 0.869593 1.539300
v -0.578109 0.871080 1.541610
v -0.535780 0.877151 1.489648
v -0.586587 0.870938 1.541079
v -0.613348 0.865855 1.574854
v -0.613053 0.861264 1.580021
v -0.616557 0.871879 1.514822
v -0.618797 0.873656 1.518267
v -0.714902 0.877340 1.440603
v -0.722113 0.882121 1.440465
v -0.543303 0.877604 1.486295
v -0.614461 0.875157 1.511288
v -0.707902 0.882279 1.441283
v -0.612361 0.864220 1.586073
v -0.581317 0.872451 1.534326
v -0.907222 0.408175 1.903663
v -0.938407 0.323546 1.811677
v -0.923696 0.321773 1.801900
v -0.935538 0.320822 1.808902
v -0.892343 0.408389 1.895431
v -0.963240 0.319842 1.730885
v -0.965907 0.323250 1.731129
v -0.965907 0.322886 1.699377
v -0.963240 0.319531 1.698856
v -0.611142 0.707696 2.023682
v -0.812651 0.758699 1.829769
v -0.979431 0.526308 -1.697304
v -0.979039 0.543442 -1.727211
v -0.981446 0.539009 -1.728955
v -0.982227 0.521698 -1.698389
v -0.910277 0.621810 -1.865201
v -0.913534 0.616974 -1.865421
v -0.902763 0.624671 -1.868939
v -0.900174 0.622306 -1.873061
v -0.901853 0.625347 -1.851809
v -0.900122 0.630672 -1.871565
v -0.912598 0.626646 -1.864981
v -0.982208 0.547875 -1.725467
v -0.982212 0.530916 -1.696219
v 0.801862 1.088147 -1.859485
v 0.794106 1.072528 -1.859485
v 0.788046 1.073817 -1.940899
v 0.795802 1.089436 -1.940899
v 0.000000 1.146825 -2.262345
v 0.171434 1.146825 -2.249741
v 0.171434 1.131206 -2.242586
v 0.000000 1.131206 -2.255189
v 0.000000 1.124548 -2.051094
v 0.000000 1.124548 -2.153142
v 0.167746 1.124548 -2.139859
v 0.164058 1.124548 -2.037130
v 0.000000 1.140167 -2.041657
v 0.164058 1.140167 -2.027693
v 0.000000 1.155786 -2.153142
v 0.000000 1.155786 -2.051094
v 0.164058 1.155786 -2.037130
v 0.167746 1.155786 -2.139859
v 0.527533 1.128942 -2.175813
v 0.768231 1.096513 -2.050443
v 0.768231 1.080895 -2.043287
v 0.527533 1.113324 -2.168658
v 0.781896 1.074092 -1.850478
v 0.775063 1.075453 -1.946883
v 0.505403 1.122285 -1.952617
v 0.505403 1.106666 -1.962054
v 0.781896 1.089711 -1.841040
v 0.516468 1.137904 -2.065355
v 0.505403 1.137904 -1.962054
v 0.781896 1.105330 -1.850478
v 0.775063 1.106690 -1.946883
v 0.349484 1.141135 -2.219457
v 0.349484 1.125516 -2.212303
v 0.334730 1.118858 -2.005485
v 0.342107 1.118858 -2.108894
v 0.516468 1.106666 -2.065355
v 0.334730 1.134477 -1.996048
v 0.342107 1.150096 -2.108894
v 0.334730 1.150096 -2.005485
v 0.789742 1.094803 -2.022314
v 0.781986 1.079185 -2.022314
v 0.000000 1.162444 -2.255189
v 0.171434 1.162444 -2.242586
v 0.349484 1.156754 -2.212303
v 0.527533 1.144561 -2.168658
v 0.768231 1.112132 -2.043287
v 0.781986 1.110422 -2.022314
v 0.794106 1.103765 -1.859485
v 0.788046 1.105054 -1.940899
v -0.801861 1.088147 -1.859485
v -0.795802 1.089436 -1.940899
v -0.788046 1.073817 -1.940899
v -0.794106 1.072528 -1.859485
v -0.171434 1.131206 -2.242586
v -0.171434 1.146825 -2.249741
v -0.164057 1.124548 -2.037130
v -0.167746 1.124548 -2.139859
v -0.164057 1.140167 -2.027693
v -0.167746 1.155786 -2.139859
v -0.164057 1.155786 -2.037130
v -0.527533 1.128942 -2.175813
v -0.527533 1.113324 -2.168658
v -0.768230 1.080895 -2.043287
v -0.768230 1.096513 -2.050443
v -0.781896 1.074092 -1.850478
v -0.775062 1.075453 -1.946883
v -0.505402 1.122285 -1.952617
v -0.781896 1.089711 -1.841040
v -0.505402 1.106666 -1.962054
v -0.516468 1.137904 -2.065355
v -0.775062 1.106690 -1.946883
v -0.781896 1.105330 -1.850478
v -0.505402 1.137904 -1.962054
v -0.349484 1.141135 -2.219457
v -0.349484 1.125516 -2.212303
v -0.334730 1.118858 -2.005485
v -0.516468 1.106666 -2.065355
v -0.342107 1.118858 -2.108894
v -0.334730 1.134477 -1.996048
v -0.342107 1.150096 -2.108894
v -0.334730 1.150096 -2.005485
v -0.781986 1.079185 -2.022314
v -0.789741 1.094803 -2.022314
v -0.171434 1.162444 -2.242586
v -0.349484 1.156754 -2.212303
v -0.527533 1.144561 -2.168658
v -0.768230 1.112132 -2.043287
v -0.781986 1.110422 -2.022314
v -0.794106 1.103765 -1.859485
v -0.788046 1.105054 -1.940899
v 0.000000 0.335659 2.233313
v 0.157031 0.335659 2.200027
v 0.157031 0.335659 2.428810
v 0.000000 0.335659 2.470762
v 0.000000 0.344709 2.477485
v 0.158463 0.344709 2.435534
v 0.000000 0.393558 2.233313
v 0.000000 0.353760 2.470762
v 0.159895 0.353760 2.428810
v 0.159895 0.393558 2.200027
v 0.314062 0.335659 2.166740
v 0.314062 0.335659 2.379775
v 0.316925 0.344709 2.386498
v 0.319789 0.353760 2.379775
v 0.319789 0.393558 2.166740
v 0.478699 0.330848 2.308823
v 0.462463 0.335659 2.316412
v 0.461976 0.335659 2.135388
v 0.478018 0.331279 2.129013
v 0.482671 0.340103 2.315713
v 0.466749 0.344687 2.323120
v 0.486928 0.349073 2.309049
v 0.470386 0.353530 2.316793
v 0.486608 0.389178 2.129013
v 0.470559 0.393558 2.135355
v 0.616765 0.243524 2.040017
v 0.616765 0.243524 2.237603
v 0.625356 0.261626 2.237603
v 0.625356 0.301424 2.040017
v 0.621060 0.252575 2.244327
v -0.157031 0.335659 2.428810
v -0.157031 0.335659 2.200027
v -0.158462 0.344709 2.435534
v -0.159894 0.393558 2.200027
v -0.159894 0.353760 2.428810
v -0.314062 0.335659 2.379775
v -0.314062 0.335659 2.166740
v -0.316926 0.344709 2.386498
v -0.319788 0.353760 2.379775
v -0.319788 0.393558 2.166740
v -0.478699 0.330848 2.308823
v -0.478017 0.331279 2.129013
v -0.461975 0.335659 2.135388
v -0.462463 0.335659 2.316412
v -0.466748 0.344687 2.323120
v -0.482671 0.340103 2.315713
v -0.470387 0.353530 2.316793
v -0.486927 0.349073 2.309049
v -0.470559 0.393558 2.135355
v -0.486608 0.389178 2.129013
v -0.616764 0.243524 2.237603
v -0.616764 0.243524 2.040017
v -0.625355 0.301424 2.040017
v -0.625355 0.261626 2.237603
v -0.621059 0.252575 2.244327
v 0.000000 1.111395 -1.008288
v 0.253864 1.122211 -0.950591
v 0.253864 1.113509 -0.950591
v 0.000000 1.102693 -1.008288
v 0.000000 1.111395 -0.815206
v 0.000000 1.102693 -0.815206
v 0.268591 1.113509 -0.746179
v 0.268591 1.122211 -0.746179
v 0.367880 1.112125 -0.828229
v 0.399410 1.100828 -0.997520
v 0.399410 1.092126 -0.997520
v 0.367880 1.103423 -0.828229
v -0.253863 1.113509 -0.950591
v -0.253863 1.122211 -0.950591
v -0.268591 1.122211 -0.746179
v -0.268591 1.113509 -0.746179
v -0.399409 1.100828 -0.997520
v -0.367880 1.112125 -0.828229
v -0.399409 1.092126 -0.997520
v -0.367880 1.103423 -0.828229
v 0.000000 1.073938 -1.261748
v 0.262708 1.086292 -1.205156
v 0.262708 1.077591 -1.205156
v 0.000000 1.065236 -1.261748
v 0.000000 1.073938 -0.963025
v 0.249799 1.086293 -0.904010
v 0.360441 1.074175 -0.950156
v 0.419439 1.061163 -1.248770
v 0.419439 1.052461 -1.248770
v -0.262707 1.077591 -1.205156
v -0.262707 1.086292 -1.205156
v -0.249799 1.086293 -0.904010
v -0.419438 1.061163 -1.248770
v -0.360441 1.074175 -0.950156
v -0.419438 1.052461 -1.248770
v 0.000000 1.024391 -1.543220
v 0.262708 1.039092 -1.486628
v 0.262708 1.030390 -1.486628
v 0.000000 1.015690 -1.543220
v 0.000000 1.037608 -1.210786
v 0.248636 1.052310 -1.147121
v 0.367995 1.037845 -1.180479
v 0.427133 1.017462 -1.517454
v 0.427133 1.008760 -1.517454
v -0.262707 1.030390 -1.486628
v -0.262707 1.039092 -1.486628
v -0.248636 1.052310 -1.147121
v -0.427132 1.017462 -1.517454
v -0.367996 1.037845 -1.180479
v -0.427132 1.008760 -1.517454
v 0.526544 0.812288 -2.074128
v 0.629591 0.806922 -2.036830
v 0.630883 0.886374 -2.045055
v 0.524309 0.894386 -2.084142
v 0.727909 0.803287 -1.993531
v 0.829782 0.801125 -1.942588
v 0.729487 0.878856 -2.001127
v 0.494357 0.817236 -2.085854
v 0.494357 0.895293 -2.095066
v 0.860918 0.800445 -1.920493
v 0.847959 0.840339 -1.934216
v 0.827868 0.840756 -1.948650
v 0.823188 0.872064 -1.951637
v 0.728808 0.847914 -1.998327
v 0.630334 0.854838 -2.042022
v 0.525292 0.862224 -2.080349
v 0.494357 0.864398 -2.091636
v 0.382015 0.891725 -2.129325
v 0.373630 0.876545 -2.129455
v 0.376976 0.864093 -2.127173
v 0.345439 1.076522 -2.073303
v 0.348562 0.931845 -2.114092
v 0.334352 0.931539 -2.114092
v 0.331229 1.076215 -2.073303
v 0.334034 0.946301 -2.010107
v 0.329685 1.147732 -1.978084
v 0.348243 0.946607 -2.010107
v 0.343895 1.148039 -1.978084
v 0.329526 1.155118 -2.135434
v 0.343736 1.155425 -2.135434
v 0.344659 1.112654 -2.141307
v 0.330449 1.112347 -2.141307
v 0.329327 1.164310 -2.124924
v 0.343537 1.164617 -2.124924
v 0.344905 1.101231 -2.133593
v 0.330696 1.100925 -2.133593
v 0.329319 1.164718 -1.992631
v 0.343528 1.165024 -1.992631
v 0.345198 1.087683 -2.079765
v 0.330989 1.087377 -2.079765
v 0.193470 0.393760 -2.033682
v 0.175203 0.403038 -2.037681
v 0.175203 0.454564 -1.918121
v 0.193470 0.445286 -1.914123
v 0.150250 0.406434 -2.039145
v 0.150250 0.457960 -1.919585
v 0.125296 0.403038 -2.037681
v 0.125296 0.454564 -1.918121
v 0.107029 0.393760 -2.033682
v 0.107029 0.445286 -1.914123
v 0.101603 0.381086 -2.028220
v 0.101603 0.432612 -1.908660
v 0.107029 0.368412 -2.022759
v 0.107029 0.419937 -1.903198
v 0.125296 0.359134 -2.018760
v 0.125296 0.410659 -1.899199
v 0.150250 0.355737 -2.017296
v 0.150250 0.407264 -1.897736
v 0.175203 0.359134 -2.018760
v 0.175203 0.410659 -1.899199
v 0.193470 0.368412 -2.022759
v 0.193470 0.419937 -1.903198
v 0.198896 0.381086 -2.028220
v 0.198896 0.432612 -1.908660
v 0.189966 0.392029 -2.032938
v 0.173390 0.400283 -2.036494
v 0.150250 0.403409 -2.037841
v 0.127109 0.400283 -2.036494
v 0.110532 0.392029 -2.032938
v 0.105622 0.381086 -2.028220
v 0.110532 0.370142 -2.023504
v 0.127109 0.361888 -2.019947
v 0.150250 0.358762 -2.018600
v 0.173390 0.361888 -2.019947
v 0.189966 0.370142 -2.023504
v 0.194876 0.381086 -2.028220
v 0.150250 0.423433 -1.929959
v 0.093636 0.393760 -2.033682
v 0.075368 0.403038 -2.037681
v 0.075368 0.454564 -1.918121
v 0.093636 0.445286 -1.914123
v 0.050414 0.406434 -2.039145
v 0.050414 0.457960 -1.919585
v 0.025461 0.403038 -2.037681
v 0.025461 0.454564 -1.918121
v 0.007194 0.393760 -2.033682
v 0.007194 0.445286 -1.914123
v 0.001768 0.381086 -2.028220
v 0.001768 0.432612 -1.908660
v 0.007194 0.368412 -2.022759
v 0.007194 0.419937 -1.903198
v 0.025461 0.359134 -2.018760
v 0.025461 0.410659 -1.899199
v 0.050414 0.355737 -2.017296
v 0.050414 0.407264 -1.897736
v 0.075368 0.359134 -2.018760
v 0.075368 0.410659 -1.899199
v 0.093636 0.368412 -2.022759
v 0.093636 0.419937 -1.903198
v 0.099062 0.381086 -2.028220
v 0.099062 0.432612 -1.908660
v 0.090132 0.392029 -2.032938
v 0.073555 0.400283 -2.036494
v 0.050414 0.403409 -2.037841
v 0.027275 0.400283 -2.036494
v 0.010698 0.392029 -2.032938
v 0.005788 0.381086 -2.028220
v 0.010698 0.370142 -2.023504
v 0.027275 0.361888 -2.019947
v 0.050414 0.358762 -2.018600
v 0.073555 0.361888 -2.019947
v 0.090132 0.370142 -2.023504
v 0.095042 0.381086 -2.028220
v 0.050414 0.423433 -1.929959
v 0.259736 0.503172 -2.114499
v 0.259736 0.438605 -2.148824
v 0.240795 0.438605 -2.148824
v 0.240795 0.503172 -2.114499
v 0.259736 0.409952 -2.147402
v 0.259736 0.298722 -2.073277
v 0.240795 0.298722 -2.073277
v 0.240795 0.409952 -2.147402
v 0.259736 0.284929 -2.047306
v 0.259736 0.286224 -1.847576
v 0.240795 0.286224 -1.847576
v 0.240795 0.284929 -2.047306
v 0.406235 0.503172 -2.093049
v 0.406235 0.438605 -2.127374
v 0.387294 0.438605 -2.127374
v 0.387294 0.503172 -2.093049
v 0.406235 0.409952 -2.125951
v 0.406235 0.298722 -2.051825
v 0.387294 0.298722 -2.051825
v 0.387294 0.409952 -2.125951
v 0.406235 0.284929 -2.025855
v 0.406235 0.286224 -1.826126
v 0.387294 0.286224 -1.826126
v 0.387294 0.284929 -2.025855
v 0.552734 0.503172 -2.044326
v 0.552734 0.438605 -2.078651
v 0.533793 0.438605 -2.078651
v 0.533793 0.503172 -2.044326
v 0.552734 0.409952 -2.077229
v 0.552734 0.298722 -2.003102
v 0.533793 0.298722 -2.003102
v 0.533793 0.409952 -2.077229
v 0.552734 0.284929 -1.977132
v 0.552734 0.286224 -1.777403
v 0.533793 0.286224 -1.777403
v 0.533793 0.284929 -1.977132
v 1.063979 0.937515 0.820539
v 1.083527 0.913851 0.785789
v 1.099835 0.930514 0.780128
v 1.088270 0.947161 0.802550
v 1.064481 0.959280 0.820680
v 0.932064 0.958186 0.895017
v 0.932856 0.938460 0.894499
v 1.100071 0.963431 0.782869
v 1.083536 0.978662 0.792056
v 0.916644 0.979339 0.875851
v 0.902587 0.963297 0.880489
v 0.911788 0.947043 0.891609
v 0.902889 0.930766 0.877773
v 0.916502 0.913146 0.869575
v 0.901064 0.999627 0.823784
v 0.886918 0.984512 0.828122
v 0.894790 0.886591 0.763211
v 0.901076 0.892890 0.817520
v 0.887107 0.908318 0.824782
v 0.880751 0.901670 0.768712
v 0.880751 0.994805 0.768712
v 0.894790 1.009883 0.763211
v 1.109802 0.984369 0.734530
v 1.095644 0.999527 0.741167
v 1.085916 1.009883 0.688330
v 1.099956 0.994805 0.682829
v 1.095696 0.892946 0.734785
v 1.109943 0.908234 0.729758
v 1.085916 0.886591 0.688330
v 1.099956 0.901670 0.682829
v 0.875313 0.948191 0.770404
v 0.880173 0.946201 0.827324
v 1.102568 0.946237 0.781414
v 1.116259 0.946262 0.731405
v 1.104355 0.948251 0.680847
v 0.899471 0.946213 0.879599
v 0.901133 0.892226 0.760695
v 1.079538 0.892180 0.690799
v 1.092642 0.904648 0.685671
v 1.096748 0.948247 0.683849
v 1.092641 0.991823 0.685671
v 1.079537 1.004291 0.690799
v 0.901131 1.004245 0.760695
v 0.888025 0.991771 0.765836
v 1.098644 0.991742 0.701007
v 1.085540 1.004210 0.706134
v 0.907134 1.004165 0.776030
v 0.894029 0.991690 0.781171
v 0.882952 0.948197 0.767448
v 0.888027 0.904700 0.765836
v 0.894030 0.904781 0.781171
v 0.907136 0.892306 0.776030
v 1.085542 0.892261 0.706134
v 1.098646 0.904729 0.701007
v 0.888955 0.948197 0.782784
v 1.102751 0.948247 0.699185
v 0.885160 0.798697 0.681956
v 0.932516 0.936835 0.832309
v 0.940273 0.924655 0.836302
v 0.902266 0.773145 0.686870
v 0.941183 0.916261 0.848677
v 0.908810 0.754260 0.710454
v 0.934714 0.916569 0.862186
v 0.900960 0.753103 0.738892
v 0.924654 0.925399 0.868915
v 0.883314 0.770353 0.755528
v 0.916897 0.937579 0.864923
v 0.866209 0.795906 0.750614
v 0.915987 0.945974 0.852548
v 0.859664 0.814792 0.727031
v 0.922457 0.945665 0.839038
v 0.867515 0.815948 0.698591
v 0.620185 0.641752 2.081575
v 0.629768 0.644670 2.081575
v 0.622449 0.651511 2.081575
v 0.632033 0.654429 2.081575
v 0.624713 0.661269 2.081575
v 0.615130 0.658351 2.081575
v 0.612865 0.648592 2.081575
v 0.619725 0.639767 2.084384
v 0.619725 0.639767 1.893159
v 0.631257 0.643279 1.893159
v 0.631257 0.643279 2.084384
v 0.633981 0.655022 1.893159
v 0.633981 0.655022 2.084384
v 0.625174 0.663253 1.893159
v 0.625174 0.663253 2.084384
v 0.613642 0.659741 1.893159
v 0.613642 0.659741 2.084384
v 0.610917 0.647999 1.893159
v 0.610917 0.647999 2.084384
v 0.629768 0.644670 2.084384
v 0.620185 0.641752 2.084384
v 0.632033 0.654429 2.084384
v 0.624713 0.661269 2.084384
v 0.615130 0.658351 2.084384
v 0.612865 0.648592 2.084384
v 0.592067 0.650626 2.077172
v 0.601651 0.653544 2.077172
v 0.594331 0.660385 2.077172
v 0.603915 0.663304 2.077172
v 0.596596 0.670144 2.077172
v 0.587012 0.667225 2.077172
v 0.584748 0.657467 2.077172
v 0.591607 0.648642 2.079983
v 0.591607 0.648642 1.888756
v 0.603139 0.652154 1.888756
v 0.603139 0.652154 2.079983
v 0.605863 0.663897 1.888756
v 0.605863 0.663897 2.079983
v 0.597057 0.672128 1.888756
v 0.597057 0.672128 2.079983
v 0.585525 0.668616 1.888756
v 0.585525 0.668616 2.079983
v 0.582799 0.656874 1.888756
v 0.582799 0.656874 2.079983
v 0.601651 0.653544 2.079983
v 0.592067 0.650626 2.079983
v 0.603915 0.663304 2.079983
v 0.596596 0.670144 2.079983
v 0.587012 0.667225 2.079983
v 0.584748 0.657467 2.079983
v 0.599060 0.628668 2.113472
v 0.608644 0.631586 2.113472
v 0.601325 0.638427 2.113472
v 0.610908 0.641345 2.113472
v 0.603589 0.648185 2.113472
v 0.594006 0.645267 2.113472
v 0.591741 0.635508 2.113472
v 0.598601 0.626684 2.116281
v 0.598601 0.626684 1.925056
v 0.610132 0.630195 1.925056
v 0.610132 0.630195 2.116281
v 0.612857 0.641939 1.925056
v 0.612857 0.641939 2.116281
v 0.604050 0.650169 1.925056
v 0.604050 0.650169 2.116281
v 0.592518 0.646658 1.925056
v 0.592518 0.646658 2.116281
v 0.589793 0.634914 1.925056
v 0.589793 0.634914 2.116281
v 0.608644 0.631586 2.116281
v 0.599060 0.628668 2.116281
v 0.610908 0.641345 2.116281
v 0.603589 0.648185 2.116281
v 0.594006 0.645267 2.116281
v 0.591741 0.635508 2.116281
v 0.627178 0.619793 2.119404
v 0.636761 0.622711 2.119404
v 0.629442 0.629551 2.119404
v 0.639026 0.632471 2.119404
v 0.631707 0.639311 2.119404
v 0.622123 0.636392 2.119404
v 0.619859 0.626633 2.119404
v 0.626717 0.617809 2.122214
v 0.626717 0.617809 1.930988
v 0.638249 0.621321 1.930988
v 0.638249 0.621321 2.122214
v 0.640974 0.633063 1.930988
v 0.640974 0.633063 2.122214
v 0.632167 0.641295 1.930988
v 0.632167 0.641295 2.122214
v 0.620635 0.637783 1.930988
v 0.620635 0.637783 2.122214
v 0.617910 0.626040 1.930988
v 0.617910 0.626040 2.122214
v 0.636761 0.622711 2.122214
v 0.627178 0.619793 2.122214
v 0.639026 0.632471 2.122214
v 0.631707 0.639311 2.122214
v 0.622123 0.636392 2.122214
v 0.619859 0.626633 2.122214
v 0.606054 0.606710 2.151000
v 0.615637 0.609628 2.151000
v 0.608318 0.616468 2.151000
v 0.617902 0.619387 2.151000
v 0.610582 0.626227 2.151000
v 0.600999 0.623309 2.151000
v 0.598734 0.613550 2.151000
v 0.605593 0.604725 2.153810
v 0.605593 0.604725 1.962585
v 0.617125 0.608237 1.962585
v 0.617125 0.608237 2.153810
v 0.619850 0.619979 1.962585
v 0.619850 0.619979 2.153810
v 0.611043 0.628211 1.962585
v 0.611043 0.628211 2.153810
v 0.599511 0.624699 1.962585
v 0.599511 0.624699 2.153810
v 0.596786 0.612956 1.962585
v 0.596786 0.612956 2.153810
v 0.615637 0.609628 2.153810
v 0.606054 0.606710 2.153810
v 0.617902 0.619387 2.153810
v 0.610582 0.626227 2.153810
v 0.600999 0.623309 2.153810
v 0.598734 0.613550 2.153810
v 0.613191 0.663710 2.045265
v 0.622775 0.666629 2.045265
v 0.615456 0.673469 2.045265
v 0.625039 0.676387 2.045265
v 0.617720 0.683227 2.045265
v 0.608137 0.680309 2.045265
v 0.605872 0.670551 2.045265
v 0.612732 0.661726 2.048074
v 0.612732 0.661726 1.856848
v 0.624263 0.665237 1.856848
v 0.624263 0.665237 2.048074
v 0.626988 0.676981 1.856848
v 0.626988 0.676981 2.048074
v 0.618181 0.685211 1.856848
v 0.618181 0.685211 2.048074
v 0.606649 0.681700 1.856848
v 0.606649 0.681700 2.048074
v 0.603924 0.669957 1.856848
v 0.603924 0.669957 2.048074
v 0.622775 0.666629 2.048074
v 0.613191 0.663710 2.048074
v 0.625039 0.676387 2.048074
v 0.617720 0.683227 2.048074
v 0.608137 0.680309 2.048074
v 0.605872 0.670551 2.048074
v 0.585074 0.672585 2.041813
v 0.594657 0.675504 2.041813
v 0.587338 0.682344 2.041813
v 0.596922 0.685262 2.041813
v 0.589603 0.692102 2.041813
v 0.580019 0.689184 2.041813
v 0.577755 0.679426 2.041813
v 0.584614 0.670601 2.044623
v 0.584614 0.670601 1.853396
v 0.596146 0.674113 1.853396
v 0.596146 0.674113 2.044623
v 0.598870 0.685855 1.853396
v 0.598870 0.685855 2.044623
v 0.590063 0.694086 1.853396
v 0.590063 0.694086 2.044623
v 0.578531 0.690574 1.853396
v 0.578531 0.690574 2.044623
v 0.575806 0.678832 1.853396
v 0.575806 0.678832 2.044623
v 0.594657 0.675504 2.044623
v 0.585074 0.672585 2.044623
v 0.596922 0.685262 2.044623
v 0.589603 0.692102 2.044623
v 0.580019 0.689184 2.044623
v 0.577755 0.679426 2.044623
v 0.606199 0.685669 2.014592
v 0.615782 0.688587 2.014592
v 0.608462 0.695427 2.014592
v 0.618046 0.698346 2.014592
v 0.610727 0.705187 2.014592
v 0.601143 0.702267 2.014592
v 0.598879 0.692509 2.014592
v 0.605738 0.683685 2.017401
v 0.605738 0.683685 1.826176
v 0.617270 0.687197 1.826176
v 0.617270 0.687197 2.017401
v 0.619994 0.698939 1.826176
v 0.619994 0.698939 2.017401
v 0.611188 0.707170 1.826176
v 0.611188 0.707170 2.017401
v 0.599656 0.703658 1.826176
v 0.599656 0.703658 2.017401
v 0.596930 0.691916 1.826176
v 0.596930 0.691916 2.017401
v 0.615782 0.688587 2.017401
v 0.606199 0.685669 2.017401
v 0.618046 0.698346 2.017401
v 0.610727 0.705187 2.017401
v 0.601143 0.702267 2.017401
v 0.598879 0.692509 2.017401
v 0.682008 0.629023 2.117006
v 0.670288 0.596707 2.176375
v 0.670288 0.596707 1.874334
v 0.682008 0.629023 1.830528
v 0.630880 0.728893 1.933522
v 0.667089 0.643442 2.090516
v 0.667089 0.643442 1.810983
v 0.630880 0.728893 1.695148
v 0.779941 0.685263 1.973505
v 0.779941 0.685263 1.754292
v 0.817082 0.777591 1.770102
v 0.817082 0.777591 1.629137
v 0.612411 0.723244 1.943900
v 0.648618 0.637793 2.100894
v 0.764818 0.698619 1.948968
v 0.798106 0.780177 1.765351
v 0.633132 0.596707 2.176375
v 0.648618 0.637793 1.818640
v 0.633132 0.596707 1.874334
v 0.612411 0.723244 1.702806
v 0.764819 0.698619 1.736188
v 0.798106 0.780177 1.626983
v 0.724717 0.720590 1.779185
v 0.704039 0.735613 1.779185
v 0.701862 0.728915 1.930410
v 0.719018 0.716450 1.930410
v 0.678479 0.735613 1.779185
v 0.680656 0.728915 1.930410
v 0.657801 0.720590 1.779185
v 0.663500 0.716450 1.930410
v 0.649903 0.696281 1.779185
v 0.656946 0.696281 1.930410
v 0.657801 0.671973 1.779185
v 0.663500 0.676113 1.930410
v 0.678479 0.656949 1.779185
v 0.680656 0.663648 1.930410
v 0.704039 0.656949 1.779185
v 0.701862 0.663648 1.930410
v 0.724717 0.671973 1.779185
v 0.719018 0.676113 1.930410
v 0.732615 0.696281 1.779185
v 0.725571 0.696281 1.930410
v 0.715305 0.713752 1.921129
v 0.700444 0.724549 1.921129
v 0.691259 0.696281 1.929609
v 0.682075 0.724549 1.921129
v 0.667213 0.713752 1.921129
v 0.661536 0.696281 1.921129
v 0.667213 0.678811 1.921129
v 0.682075 0.668013 1.921129
v 0.700444 0.668013 1.921129
v 0.715305 0.678811 1.921129
v 0.720981 0.696281 1.921129
v 0.700444 0.724549 1.930410
v 0.715305 0.713752 1.930410
v 0.682075 0.724549 1.930410
v 0.667213 0.713752 1.930410
v 0.661536 0.696281 1.930410
v 0.667213 0.678811 1.930410
v 0.682075 0.668013 1.930410
v 0.700444 0.668013 1.930410
v 0.715305 0.678811 1.930410
v 0.720981 0.696281 1.930410
v 0.685698 0.594711 2.147917
v 0.760102 0.595774 2.094973
v 0.789353 0.677890 1.964493
v 0.696069 0.626302 2.103839
v 0.789353 0.677890 1.825588
v 0.696069 0.626302 1.967000
v 0.685698 0.594711 2.011079
v 0.643217 0.604246 2.052145
v 0.542138 0.664345 2.003911
v 0.550265 0.689276 1.943804
v 0.812652 0.758699 1.693844
v 0.749414 0.605731 1.977775
v 0.688335 1.112215 -1.101106
v 0.765422 1.067320 -1.206035
v 0.766180 1.069089 -1.218023
v 0.686011 1.114783 -1.107775
v 0.606678 1.062923 -1.144459
v 0.601164 1.048820 -1.140018
v 0.668297 1.021387 -1.216083
v 0.660541 1.051304 -1.207567
v 0.760853 0.965882 -1.361050
v 0.752699 0.987825 -1.363134
v 0.606678 1.147970 -0.986688
v 0.756980 1.058324 -1.318975
v 0.676567 1.081936 -1.320731
v 0.819719 1.003814 -1.121984
v 0.797043 1.006205 -1.316192
v 0.817103 1.004914 -1.113335
v 0.729374 1.066854 -0.983293
v 0.564660 1.151269 -0.739474
v 0.644572 1.112816 -0.857545
v 0.604087 1.150374 -0.995520
v 0.603249 1.090333 -1.322288
v 0.561825 1.152422 -0.738254
v 0.592031 1.071827 -1.321863
v 0.759664 1.000568 -1.500266
v 0.740884 1.025440 -1.495496
v 0.670165 1.051863 -1.465406
v 0.602694 1.042224 -1.548095
v 0.663765 1.017411 -1.610081
v 0.602971 1.068467 -1.435192
v 0.724788 0.988178 -1.672018
v 0.621432 1.139360 -0.462284
v 0.700293 1.036160 -0.563975
v 0.702971 1.037927 -0.569905
v 0.657618 1.036160 -0.674625
v 0.592386 1.130189 -0.579741
v 0.572977 1.116056 -0.537278
v 0.972997 0.806666 -0.613398
v 0.982888 0.664484 -0.541470
v 0.943231 0.851596 -0.578964
v 0.966578 0.804688 -0.608326
v 0.975874 0.665145 -0.535785
v 0.937752 0.848893 -0.574443
v 0.990629 0.527506 -0.450961
v 0.983792 0.529342 -0.445802
v 0.960858 0.449173 -0.354860
v -0.629590 0.806922 -2.036830
v -0.526544 0.812288 -2.074128
v -0.524308 0.894386 -2.084142
v -0.630883 0.886374 -2.045055
v -0.829781 0.801125 -1.942588
v -0.727908 0.803287 -1.993531
v -0.729487 0.878856 -2.001127
v -0.494356 0.817236 -2.085854
v -0.494356 0.895293 -2.095066
v -0.860918 0.800445 -1.920493
v -0.847959 0.840339 -1.934216
v -0.827867 0.840756 -1.948650
v -0.823188 0.872064 -1.951637
v -0.728807 0.847914 -1.998327
v -0.630334 0.854838 -2.042022
v -0.525291 0.862224 -2.080349
v -0.494356 0.864398 -2.091636
v -0.382015 0.891725 -2.129325
v -0.373629 0.876545 -2.129455
v -0.376976 0.864093 -2.127173
v -0.345439 1.076522 -2.073303
v -0.331228 1.076215 -2.073303
v -0.334352 0.931539 -2.114092
v -0.348562 0.931845 -2.114092
v -0.329685 1.147732 -1.978084
v -0.334033 0.946301 -2.010107
v -0.343895 1.148039 -1.978084
v -0.348243 0.946607 -2.010107
v -0.329525 1.155118 -2.135434
v -0.330449 1.112347 -2.141307
v -0.344659 1.112654 -2.141307
v -0.343735 1.155425 -2.135434
v -0.343537 1.164617 -2.124924
v -0.329326 1.164310 -2.124924
v -0.330695 1.100925 -2.133593
v -0.344905 1.101231 -2.133593
v -0.343528 1.165024 -1.992631
v -0.329318 1.164718 -1.992631
v -0.330988 1.087377 -2.079765
v -0.345197 1.087683 -2.079765
v -0.193470 0.393760 -2.033682
v -0.193470 0.445286 -1.914123
v -0.175203 0.454564 -1.918121
v -0.175203 0.403038 -2.037681
v -0.150249 0.457960 -1.919585
v -0.150249 0.406434 -2.039145
v -0.125296 0.454564 -1.918121
v -0.125296 0.403038 -2.037681
v -0.107029 0.445286 -1.914123
v -0.107029 0.393760 -2.033682
v -0.101603 0.432612 -1.908660
v -0.101603 0.381086 -2.028220
v -0.107029 0.419937 -1.903198
v -0.107029 0.368412 -2.022759
v -0.125296 0.410659 -1.899199
v -0.125296 0.359134 -2.018760
v -0.150249 0.407264 -1.897736
v -0.150249 0.355737 -2.017296
v -0.175203 0.410659 -1.899199
v -0.175203 0.359134 -2.018760
v -0.193470 0.419937 -1.903198
v -0.193470 0.368412 -2.022759
v -0.198895 0.432612 -1.908660
v -0.198895 0.381086 -2.028220
v -0.173390 0.400283 -2.036494
v -0.189966 0.392029 -2.032938
v -0.150249 0.403409 -2.037841
v -0.127109 0.400283 -2.036494
v -0.110533 0.392029 -2.032938
v -0.105622 0.381086 -2.028220
v -0.110533 0.370142 -2.023504
v -0.127109 0.361888 -2.019947
v -0.150249 0.358762 -2.018600
v -0.173390 0.361888 -2.019947
v -0.189966 0.370142 -2.023504
v -0.194877 0.381086 -2.028220
v -0.150249 0.423433 -1.929959
v -0.093635 0.393760 -2.033682
v -0.093635 0.445286 -1.914123
v -0.075367 0.454564 -1.918121
v -0.075367 0.403038 -2.037681
v -0.050414 0.457960 -1.919585
v -0.050414 0.406434 -2.039145
v -0.025460 0.454564 -1.918121
v -0.025460 0.403038 -2.037681
v -0.007193 0.445286 -1.914123
v -0.007193 0.393760 -2.033682
v -0.001768 0.432612 -1.908660
v -0.001768 0.381086 -2.028220
v -0.007193 0.419937 -1.903198
v -0.007193 0.368412 -2.022759
v -0.025460 0.410659 -1.899199
v -0.025460 0.359134 -2.018760
v -0.050414 0.407264 -1.897736
v -0.050414 0.355737 -2.017296
v -0.075367 0.410659 -1.899199
v -0.075367 0.359134 -2.018760
v -0.093635 0.419937 -1.903198
v -0.093635 0.368412 -2.022759
v -0.099061 0.432612 -1.908660
v -0.099061 0.381086 -2.028220
v -0.073555 0.400283 -2.036494
v -0.090131 0.392029 -2.032938
v -0.050414 0.403409 -2.037841
v -0.027274 0.400283 -2.036494
v -0.010697 0.392029 -2.032938
v -0.005788 0.381086 -2.028220
v -0.010697 0.370142 -2.023504
v -0.027274 0.361888 -2.019947
v -0.050414 0.358762 -2.018600
v -0.073555 0.361888 -2.019947
v -0.090131 0.370142 -2.023504
v -0.095041 0.381086 -2.028220
v -0.050414 0.423433 -1.929959
v -0.259735 0.503172 -2.114499
v -0.240795 0.503172 -2.114499
v -0.240795 0.438605 -2.148824
v -0.259735 0.438605 -2.148824
v -0.259735 0.409952 -2.147402
v -0.240795 0.409952 -2.147402
v -0.240795 0.298722 -2.073277
v -0.259735 0.298722 -2.073277
v -0.259735 0.284929 -2.047306
v -0.240795 0.284929 -2.047306
v -0.240795 0.286224 -1.847576
v -0.259735 0.286224 -1.847576
v -0.406234 0.503172 -2.093049
v -0.387294 0.503172 -2.093049
v -0.387294 0.438605 -2.127374
v -0.406234 0.438605 -2.127374
v -0.406234 0.409952 -2.125951
v -0.387294 0.409952 -2.125951
v -0.387294 0.298722 -2.051825
v -0.406234 0.298722 -2.051825
v -0.406234 0.284929 -2.025855
v -0.387294 0.284929 -2.025855
v -0.387294 0.286224 -1.826126
v -0.406234 0.286224 -1.826126
v -0.552734 0.503172 -2.044326
v -0.533792 0.503172 -2.044326
v -0.533792 0.438605 -2.078651
v -0.552734 0.438605 -2.078651
v -0.552734 0.409952 -2.077229
v -0.533792 0.409952 -2.077229
v -0.533792 0.298722 -2.003102
v -0.552734 0.298722 -2.003102
v -0.552734 0.284929 -1.977132
v -0.533792 0.284929 -1.977132
v -0.533792 0.286224 -1.777403
v -0.552734 0.286224 -1.777403
v -1.063978 0.937515 0.820539
v -1.088270 0.947161 0.802550
v -1.099834 0.930514 0.780128
v -1.083526 0.913851 0.785789
v -1.064480 0.959280 0.820680
v -0.932857 0.938460 0.894499
v -0.932064 0.958186 0.895017
v -1.083535 0.978662 0.792056
v -1.100070 0.963431 0.782869
v -0.911787 0.947043 0.891609
v -0.902587 0.963297 0.880489
v -0.916643 0.979339 0.875851
v -0.916501 0.913146 0.869575
v -0.902888 0.930766 0.877773
v -0.886917 0.984512 0.828122
v -0.901063 0.999627 0.823784
v -0.894790 0.886591 0.763211
v -0.880750 0.901670 0.768712
v -0.887106 0.908318 0.824782
v -0.901075 0.892890 0.817520
v -0.880750 0.994805 0.768712
v -0.894790 1.009883 0.763211
v -1.095643 0.999527 0.741167
v -1.109801 0.984369 0.734530
v -1.085916 1.009883 0.688330
v -1.099955 0.994805 0.682829
v -1.109942 0.908234 0.729758
v -1.095697 0.892946 0.734785
v -1.099955 0.901670 0.682829
v -1.085916 0.886591 0.688330
v -0.875312 0.948191 0.770404
v -0.880173 0.946201 0.827324
v -1.102569 0.946237 0.781414
v -1.116259 0.946262 0.731405
v -1.104354 0.948251 0.680847
v -0.899471 0.946213 0.879599
v -1.079538 0.892180 0.690799
v -0.901132 0.892226 0.760695
v -1.092642 0.904648 0.685671
v -1.096747 0.948247 0.683849
v -1.092640 0.991823 0.685671
v -1.079536 1.004291 0.690799
v -0.901131 1.004245 0.760695
v -0.888025 0.991771 0.765836
v -1.085540 1.004210 0.706134
v -1.098644 0.991742 0.701007
v -0.907134 1.004165 0.776030
v -0.894028 0.991690 0.781171
v -0.888026 0.904700 0.765836
v -0.882951 0.948197 0.767448
v -0.907136 0.892306 0.776030
v -0.894030 0.904781 0.781171
v -1.085541 0.892261 0.706134
v -1.098645 0.904729 0.701007
v -1.102751 0.948247 0.699185
v -0.888955 0.948197 0.782784
v -0.885161 0.798697 0.681956
v -0.902266 0.773145 0.686870
v -0.940273 0.924655 0.836302
v -0.932516 0.936835 0.832309
v -0.908809 0.754260 0.710454
v -0.941183 0.916261 0.848677
v -0.900960 0.753103 0.738892
v -0.934714 0.916569 0.862186
v -0.883313 0.770353 0.755528
v -0.924654 0.925399 0.868915
v -0.866209 0.795906 0.750614
v -0.916896 0.937579 0.864923
v -0.859664 0.814792 0.727031
v -0.915987 0.945974 0.852548
v -0.867514 0.815948 0.698591
v -0.922456 0.945665 0.839038
v -0.620185 0.641752 2.081575
v -0.622449 0.651511 2.081575
v -0.629768 0.644670 2.081575
v -0.632032 0.654429 2.081575
v -0.624714 0.661269 2.081575
v -0.615130 0.658351 2.081575
v -0.612865 0.648592 2.081575
v -0.619724 0.639767 2.084384
v -0.631256 0.643279 2.084384
v -0.631256 0.643279 1.893159
v -0.619724 0.639767 1.893159
v -0.633981 0.655022 2.084384
v -0.633981 0.655022 1.893159
v -0.625173 0.663253 2.084384
v -0.625173 0.663253 1.893159
v -0.613641 0.659741 2.084384
v -0.613641 0.659741 1.893159
v -0.610917 0.647999 2.084384
v -0.610917 0.647999 1.893159
v -0.620185 0.641752 2.084384
v -0.629768 0.644670 2.084384
v -0.632032 0.654429 2.084384
v -0.624714 0.661269 2.084384
v -0.615130 0.658351 2.084384
v -0.612865 0.648592 2.084384
v -0.592067 0.650626 2.077172
v -0.594332 0.660385 2.077172
v -0.601651 0.653544 2.077172
v -0.603915 0.663304 2.077172
v -0.596596 0.670144 2.077172
v -0.587012 0.667225 2.077172
v -0.584748 0.657467 2.077172
v -0.591606 0.648642 2.079983
v -0.603138 0.652154 2.079983
v -0.603138 0.652154 1.888756
v -0.591606 0.648642 1.888756
v -0.605863 0.663897 2.079983
v -0.605863 0.663897 1.888756
v -0.597056 0.672128 2.079983
v -0.597056 0.672128 1.888756
v -0.585524 0.668616 2.079983
v -0.585524 0.668616 1.888756
v -0.582800 0.656874 2.079983
v -0.582800 0.656874 1.888756
v -0.592067 0.650626 2.079983
v -0.601651 0.653544 2.079983
v -0.603915 0.663304 2.079983
v -0.596596 0.670144 2.079983
v -0.587012 0.667225 2.079983
v -0.584748 0.657467 2.079983
v -0.599060 0.628668 2.113472
v -0.601325 0.638427 2.113472
v -0.608644 0.631586 2.113472
v -0.610907 0.641345 2.113472
v -0.603588 0.648185 2.113472
v -0.594006 0.645267 2.113472
v -0.591741 0.635508 2.113472
v -0.598600 0.626684 2.116281
v -0.610132 0.630195 2.116281
v -0.610132 0.630195 1.925056
v -0.598600 0.626684 1.925056
v -0.612857 0.641939 2.116281
v -0.612857 0.641939 1.925056
v -0.604049 0.650169 2.116281
v -0.604049 0.650169 1.925056
v -0.592517 0.646658 2.116281
v -0.592517 0.646658 1.925056
v -0.589793 0.634914 2.116281
v -0.589793 0.634914 1.925056
v -0.599060 0.628668 2.116281
v -0.608644 0.631586 2.116281
v -0.610907 0.641345 2.116281
v -0.603588 0.648185 2.116281
v -0.594006 0.645267 2.116281
v -0.591741 0.635508 2.116281
v -0.627178 0.619793 2.119404
v -0.629441 0.629551 2.119404
v -0.636761 0.622711 2.119404
v -0.639025 0.632471 2.119404
v -0.631706 0.639311 2.119404
v -0.622123 0.636392 2.119404
v -0.619859 0.626633 2.119404
v -0.626717 0.617809 2.122214
v -0.638249 0.621321 2.122214
v -0.638249 0.621321 1.930988
v -0.626717 0.617809 1.930988
v -0.640974 0.633063 2.122214
v -0.640974 0.633063 1.930988
v -0.632167 0.641295 2.122214
v -0.632167 0.641295 1.930988
v -0.620635 0.637783 2.122214
v -0.620635 0.637783 1.930988
v -0.617909 0.626040 2.122214
v -0.617909 0.626040 1.930988
v -0.627178 0.619793 2.122214
v -0.636761 0.622711 2.122214
v -0.639025 0.632471 2.122214
v -0.631706 0.639311 2.122214
v -0.622123 0.636392 2.122214
v -0.619859 0.626633 2.122214
v -0.606054 0.606710 2.151000
v -0.608317 0.616468 2.151000
v -0.615636 0.609628 2.151000
v -0.617901 0.619387 2.151000
v -0.610582 0.626227 2.151000
v -0.600998 0.623309 2.151000
v -0.598734 0.613550 2.151000
v -0.605593 0.604725 2.153810
v -0.617125 0.608237 2.153810
v -0.617125 0.608237 1.962585
v -0.605593 0.604725 1.962585
v -0.619849 0.619979 2.153810
v -0.619849 0.619979 1.962585
v -0.611042 0.628211 2.153810
v -0.611042 0.628211 1.962585
v -0.599510 0.624699 2.153810
v -0.599510 0.624699 1.962585
v -0.596785 0.612956 2.153810
v -0.596785 0.612956 1.962585
v -0.606054 0.606710 2.153810
v -0.615636 0.609628 2.153810
v -0.617901 0.619387 2.153810
v -0.610582 0.626227 2.153810
v -0.600998 0.623309 2.153810
v -0.598734 0.613550 2.153810
v -0.613191 0.663710 2.045265
v -0.615456 0.673469 2.045265
v -0.622775 0.666629 2.045265
v -0.625039 0.676387 2.045265
v -0.617720 0.683227 2.045265
v -0.608137 0.680309 2.045265
v -0.605872 0.670551 2.045265
v -0.612731 0.661726 2.048074
v -0.624263 0.665237 2.048074
v -0.624263 0.665237 1.856848
v -0.612731 0.661726 1.856848
v -0.626988 0.676981 2.048074
v -0.626988 0.676981 1.856848
v -0.618180 0.685211 2.048074
v -0.618180 0.685211 1.856848
v -0.606648 0.681700 2.048074
v -0.606648 0.681700 1.856848
v -0.603924 0.669957 2.048074
v -0.603924 0.669957 1.856848
v -0.613191 0.663710 2.048074
v -0.622775 0.666629 2.048074
v -0.625039 0.676387 2.048074
v -0.617720 0.683227 2.048074
v -0.608137 0.680309 2.048074
v -0.605872 0.670551 2.048074
v -0.585074 0.672585 2.041813
v -0.587338 0.682344 2.041813
v -0.594657 0.675504 2.041813
v -0.596922 0.685262 2.041813
v -0.589603 0.692102 2.041813
v -0.580019 0.689184 2.041813
v -0.577755 0.679426 2.041813
v -0.584613 0.670601 2.044623
v -0.596145 0.674113 2.044623
v -0.596145 0.674113 1.853396
v -0.584613 0.670601 1.853396
v -0.598870 0.685855 2.044623
v -0.598870 0.685855 1.853396
v -0.590062 0.694086 2.044623
v -0.590062 0.694086 1.853396
v -0.578530 0.690574 2.044623
v -0.578530 0.690574 1.853396
v -0.575806 0.678832 2.044623
v -0.575806 0.678832 1.853396
v -0.585074 0.672585 2.044623
v -0.594657 0.675504 2.044623
v -0.596922 0.685262 2.044623
v -0.589603 0.692102 2.044623
v -0.580019 0.689184 2.044623
v -0.577755 0.679426 2.044623
v -0.606198 0.685669 2.014592
v -0.608463 0.695427 2.014592
v -0.615782 0.688587 2.014592
v -0.618046 0.698346 2.014592
v -0.610727 0.705187 2.014592
v -0.601143 0.702267 2.014592
v -0.598879 0.692509 2.014592
v -0.605737 0.683685 2.017401
v -0.617269 0.687197 2.017401
v -0.617269 0.687197 1.826176
v -0.605737 0.683685 1.826176
v -0.619994 0.698939 2.017401
v -0.619994 0.698939 1.826176
v -0.611188 0.707170 2.017401
v -0.611188 0.707170 1.826176
v -0.599655 0.703658 2.017401
v -0.599655 0.703658 1.826176
v -0.596931 0.691916 2.017401
v -0.596931 0.691916 1.826176
v -0.606198 0.685669 2.017401
v -0.615782 0.688587 2.017401
v -0.618046 0.698346 2.017401
v -0.610727 0.705187 2.017401
v -0.601143 0.702267 2.017401
v -0.598879 0.692509 2.017401
v -0.682007 0.629023 2.117006
v -0.682007 0.629023 1.830528
v -0.670288 0.596707 1.874334
v -0.670288 0.596707 2.176375
v -0.630880 0.728893 1.933522
v -0.630880 0.728893 1.695148
v -0.667088 0.643442 1.810983
v -0.667088 0.643442 2.090516
v -0.779942 0.685263 1.973505
v -0.779942 0.685263 1.754292
v -0.817082 0.777591 1.770102
v -0.817082 0.777591 1.629137
v -0.612410 0.723244 1.943900
v -0.648618 0.637793 2.100894
v -0.764818 0.698619 1.948968
v -0.798106 0.780177 1.765351
v -0.633132 0.596707 2.176375
v -0.648618 0.637793 1.818640
v -0.633132 0.596707 1.874334
v -0.612410 0.723244 1.702806
v -0.764818 0.698619 1.736188
v -0.798106 0.780177 1.626983
v -0.724716 0.720590 1.779185
v -0.719018 0.716450 1.930410
v -0.701862 0.728915 1.930410
v -0.704038 0.735613 1.779185
v -0.680656 0.728915 1.930410
v -0.678479 0.735613 1.779185
v -0.663499 0.716450 1.930410
v -0.657801 0.720590 1.779185
v -0.656946 0.696281 1.930410
v -0.649902 0.696281 1.779185
v -0.663499 0.676113 1.930410
v -0.657801 0.671973 1.779185
v -0.680656 0.663648 1.930410
v -0.678479 0.656949 1.779185
v -0.701862 0.663648 1.930410
v -0.704038 0.656949 1.779185
v -0.719018 0.676113 1.930410
v -0.724716 0.671973 1.779185
v -0.725571 0.696281 1.930410
v -0.732614 0.696281 1.779185
v -0.715305 0.713752 1.921129
v -0.691259 0.696281 1.929609
v -0.700444 0.724549 1.921129
v -0.682074 0.724549 1.921129
v -0.667212 0.713752 1.921129
v -0.661536 0.696281 1.921129
v -0.667212 0.678811 1.921129
v -0.682074 0.668013 1.921129
v -0.700444 0.668013 1.921129
v -0.715305 0.678811 1.921129
v -0.720981 0.696281 1.921129
v -0.715305 0.713752 1.930410
v -0.700444 0.724549 1.930410
v -0.682074 0.724549 1.930410
v -0.667212 0.713752 1.930410
v -0.661536 0.696281 1.930410
v -0.667212 0.678811 1.930410
v -0.682074 0.668013 1.930410
v -0.700444 0.668013 1.930410
v -0.715305 0.678811 1.930410
v -0.720981 0.696281 1.930410
v -0.685697 0.594711 2.147917
v -0.696068 0.626302 2.103839
v -0.789353 0.677890 1.964493
v -0.760101 0.595774 2.094973
v -0.696068 0.626302 1.967000
v -0.789353 0.677890 1.825588
v -0.685697 0.594711 2.011079
v -0.542139 0.664345 2.003911
v -0.643217 0.604246 2.052145
v -0.550266 0.689276 1.943804
v -0.812651 0.758699 1.693844
v -0.749413 0.605731 1.977775
v -0.688334 1.112215 -1.101106
v -0.686011 1.114783 -1.107775
v -0.766179 1.069089 -1.218023
v -0.765421 1.067320 -1.206035
v -0.606678 1.062923 -1.144459
v -0.660541 1.051304 -1.207567
v -0.668296 1.021387 -1.216083
v -0.601163 1.048820 -1.140018
v -0.752699 0.987825 -1.363134
v -0.760853 0.965882 -1.361050
v -0.606678 1.147970 -0.986688
v -0.676567 1.081936 -1.320731
v -0.756980 1.058324 -1.318975
v -0.797043 1.006205 -1.316192
v -0.819718 1.003814 -1.121984
v -0.817103 1.004914 -1.113335
v -0.729374 1.066854 -0.983293
v -0.564660 1.151269 -0.739474
v -0.644572 1.112816 -0.857545
v -0.604086 1.150374 -0.995520
v -0.603249 1.090333 -1.322288
v -0.561825 1.152422 -0.738254
v -0.592031 1.071827 -1.321863
v -0.740884 1.025440 -1.495496
v -0.759664 1.000568 -1.500266
v -0.670165 1.051863 -1.465406
v -0.663764 1.017411 -1.610081
v -0.602693 1.042224 -1.548095
v -0.602971 1.068467 -1.435192
v -0.724787 0.988178 -1.672018
v -0.702971 1.037927 -0.569905
v -0.700293 1.036160 -0.563975
v -0.621431 1.139360 -0.462284
v -0.657617 1.036160 -0.674625
v -0.572977 1.116056 -0.537278
v -0.592386 1.130189 -0.579741
v -0.972996 0.806666 -0.613398
v -0.982887 0.664484 -0.541470
v -0.943232 0.851596 -0.578964
v -0.975874 0.665145 -0.535785
v -0.966578 0.804688 -0.608326
v -0.937751 0.848893 -0.574443
v -0.990629 0.527506 -0.450961
v -0.983791 0.529342 -0.445802
v -0.960858 0.449173 -0.354860
v -0.613328 0.283422 -1.747000
v 0.613329 0.283422 -1.747000
v 0.613329 0.248082 -0.899524
v -0.613328 0.248082 -0.899524
v 0.613329 0.862104 -1.748683
v 0.613329 0.841909 -0.907938
v -0.613328 0.841909 -0.907938
v -0.613328 0.862104 -1.748683
v 0.000000 0.225609 0.041705
v 0.000000 0.225609 1.020646
v 0.000000 0.228237 1.677333
v 0.000000 0.319531 1.698856
v 0.000000 0.423677 1.706769
v 0.000000 0.543407 1.687196
v 0.000000 0.611079 1.657671
v 0.000000 0.698562 1.586981
v 0.000000 0.743529 1.534487
v 0.000000 0.781609 1.441567
v 0.000000 0.793388 1.335367
v 0.000000 0.780828 1.222732
v 0.000000 0.746075 1.144405
v 0.000000 0.691910 1.078255
v 0.000000 0.610331 1.028550
v 0.000000 0.512791 0.999465
v 0.000000 0.420393 0.984584
v 0.000000 0.336887 0.984034
v 0.000000 0.217781 1.677333
v 0.000000 0.225609 -0.988029
v 0.000000 0.382514 -0.930295
v 0.000000 0.491981 -0.933320
v 0.000000 0.610413 -0.966878
v 0.000000 0.713158 -1.031276
v 0.000000 0.784406 -1.116748
v 0.000000 0.820125 -1.218178
v 0.000000 0.833044 -1.317856
v 0.981960 0.526394 -1.697673
v 0.000000 0.654257 -1.656582
v 0.000000 0.510742 -1.700060
v 0.000000 0.396845 -1.705755
v 0.000000 0.265895 -1.684285
v 0.000000 0.821511 -1.439295
v 0.000000 0.787179 -1.548460
v 0.000000 0.737336 -1.598832
v -0.981960 0.526394 -1.697673
v -0.434480 0.880386 1.423460
v -0.236414 0.864257 1.471360
v -0.240938 0.871422 1.483930
v -0.442003 0.898677 1.444377
v -0.438826 0.906125 1.435578
v -0.237761 0.878870 1.475131
v -0.801511 0.878763 1.305212
v -0.796986 0.871598 1.292642
v -0.606279 0.877551 1.368361
v -0.613803 0.895842 1.389278
v -0.798334 0.886211 1.296413
v -0.610625 0.903290 1.380478
v -0.505115 0.904511 1.429043
v -0.361081 0.897441 1.492126
v -0.353742 0.903119 1.476340
v -0.504027 0.908475 1.417618
v -0.098619 0.875448 1.561503
v -0.090506 0.881745 1.544059
v -0.075064 0.873073 1.568745
v -0.068929 0.877835 1.555555
v -0.504443 0.895147 1.419407
v -0.357169 0.881506 1.477879
v -0.074290 0.819170 1.550856
v -0.068156 0.823931 1.537666
v -0.094316 0.859818 1.546441
v -0.097846 0.821545 1.543614
v -0.089733 0.827842 1.526170
v -0.093789 0.824693 1.534891
v 0.179612 0.885153 1.464194
v 0.381465 0.878343 1.432681
v 0.381768 0.885411 1.446089
v 0.179834 0.903275 1.486561
v 0.179073 0.910779 1.477281
v 0.381006 0.892916 1.436810
v -0.204288 0.866031 1.495062
v -0.204590 0.858964 1.481654
v 0.000105 0.874131 1.478855
v 0.000327 0.892253 1.501221
v -0.205050 0.873535 1.485783
v -0.000434 0.899757 1.491942
v 0.115456 0.906138 1.496542
v 0.272826 0.906092 1.499773
v 0.273317 0.911953 1.482433
v 0.111920 0.910044 1.485604
v 0.542589 0.896503 1.463464
v 0.543134 0.903000 1.444301
v 0.567206 0.895251 1.461142
v 0.567618 0.900165 1.446650
v 0.112816 0.896728 1.487297
v 0.271710 0.890222 1.484973
v 0.563504 0.841278 1.443836
v 0.563916 0.846192 1.429345
v 0.541510 0.880947 1.447764
v 0.538888 0.842530 1.446159
v 0.539433 0.849029 1.426995
v 0.539160 0.845779 1.436577
v 0.613329 0.806571 1.722831
v 0.613329 0.244717 1.722831
v 0.613329 0.244717 0.974641
v 0.613329 0.663403 0.974641
v 0.613329 0.795961 1.062852
v -0.613328 0.806571 1.722831
v -0.613328 0.663403 0.974641
v -0.613328 0.244717 0.974641
v -0.613328 0.244717 1.722831
v -0.613328 0.795961 1.062852
v -0.009367 1.117007 0.496438
v 0.006636 1.117007 0.500773
v 0.008096 1.162164 0.503317
v -0.011912 1.162164 0.497899
v -0.006493 1.162164 0.477890
v 0.013515 1.162164 0.483309
v 0.010971 1.117007 0.484769
v -0.005033 1.117007 0.480435
v -0.079723 1.123984 0.452095
v -0.073792 1.116289 0.493455
v 0.063762 1.116289 0.530707
v 0.089754 1.123984 0.497994
v -0.073792 1.070811 0.493455
v -0.079723 1.063115 0.452095
v 0.089754 1.063115 0.497994
v 0.063762 1.070811 0.530707
v 0.076930 1.084453 0.534273
v 0.102921 1.076758 0.501560
v 0.102921 1.110342 0.501560
v 0.076930 1.102646 0.534273
v -0.092891 1.076758 0.448529
v -0.086960 1.084453 0.489888
v -0.086960 1.102646 0.489888
v -0.092891 1.110342 0.448529
v -0.169968 0.581017 0.930998
v 0.169968 0.581017 0.930998
v 0.125187 0.444654 0.464020
v -0.125187 0.444654 0.464020
v -0.125187 0.402131 -0.002960
v 0.125187 0.402131 -0.002960
v 0.125187 0.263294 -0.041629
v -0.125187 0.263294 -0.041629
v 0.169968 0.263294 0.930998
v 0.125187 0.263294 0.464020
v -0.125187 0.263294 0.464020
v -0.169968 0.263294 0.930998
v -0.584419 0.350333 0.173269
v -0.594675 0.445936 0.178540
v -0.731359 0.467947 0.255635
v -0.726416 0.406146 0.257653
v -0.280751 0.555214 0.164874
v -0.285986 0.688492 0.133043
v -0.591056 0.688492 0.133043
v -0.596301 0.555214 0.164874
v -0.292620 0.350333 0.173269
v -0.282375 0.445936 0.178540
v -0.272570 0.427030 0.499854
v -0.604470 0.427029 0.499854
v -0.285501 0.438415 0.668579
v -0.591539 0.438414 0.668579
v -0.291821 0.413867 0.750805
v -0.585244 0.413866 0.750805
v -0.293712 0.393889 0.775792
v -0.583328 0.393889 0.775792
v -0.293166 0.253029 0.768401
v -0.583873 0.253029 0.768401
v -0.694245 0.393889 0.741684
v -0.695235 0.253027 0.734294
v -0.697570 0.441775 0.716697
v -0.703966 0.466322 0.668579
v -0.726416 0.454938 0.499854
v -0.725134 0.252965 0.565871
v -0.173074 0.466322 0.668579
v -0.179483 0.441775 0.716697
v -0.151932 0.252965 0.565871
v -0.182795 0.393889 0.741684
v -0.181818 0.253027 0.734294
v -0.150624 0.454938 0.499854
v -0.150624 0.406147 0.257653
v -0.726416 0.252941 0.064545
v -0.638453 0.891383 -0.042701
v -0.692009 0.771978 -0.019278
v -0.693330 0.779483 0.141423
v -0.637154 0.894492 0.036529
v -0.239885 0.894492 0.036529
v -0.183709 0.779483 0.141423
v -0.185030 0.771978 -0.019278
v -0.238587 0.891383 -0.042701
v -0.150624 0.252941 0.064545
v -0.292893 0.910238 0.022169
v -0.584147 0.910238 0.022169
v -0.589346 0.783087 0.096339
v -0.287695 0.783087 0.096339
v -0.614760 0.910238 0.022169
v -0.262280 0.910238 0.022169
v -0.577942 0.938571 0.013020
v -0.298429 0.938571 0.013020
v -0.524306 1.106159 -0.026338
v -0.350701 1.106250 -0.026350
v -0.351454 1.102863 -0.055939
v -0.523578 1.102773 -0.055926
v -0.580410 0.911732 -0.046692
v -0.614615 0.911732 -0.046692
v -0.296629 0.911732 -0.046692
v -0.262424 0.911732 -0.046692
v -0.319652 1.063121 0.009375
v -0.331491 1.092731 -0.002384
v -0.543537 1.092684 -0.002376
v -0.555397 1.063121 0.009375
v -0.309041 0.995336 0.006777
v -0.566669 0.995336 0.006777
v -0.319979 1.052824 -0.065188
v -0.310782 0.994186 -0.057211
v -0.565383 0.994207 -0.057215
v -0.555617 1.052857 -0.065193
v -0.542357 1.084428 -0.067916
v -0.332914 1.084435 -0.067916
v -0.707032 0.714834 -0.009162
v -0.706580 0.729979 0.171040
v -0.170460 0.729979 0.171040
v -0.170008 0.714834 -0.009162
v -0.145680 0.467947 0.255635
v -0.143448 0.417212 0.038334
v -0.145159 0.483052 0.027828
v -0.146759 0.532393 0.243168
v -0.733507 0.417212 0.038329
v -0.731746 0.483048 0.027824
v -0.730282 0.532393 0.243168
v 0.584420 0.350333 0.173269
v 0.726416 0.406146 0.257653
v 0.731360 0.467947 0.255635
v 0.594676 0.445936 0.178540
v 0.280752 0.555214 0.164874
v 0.596302 0.555214 0.164874
v 0.591056 0.688492 0.133043
v 0.285987 0.688492 0.133043
v 0.292621 0.350333 0.173269
v 0.282376 0.445936 0.178540
v 0.272569 0.427030 0.499854
v 0.604471 0.427029 0.499854
v 0.285502 0.438415 0.668579
v 0.591539 0.438414 0.668579
v 0.291822 0.413867 0.750805
v 0.585244 0.413866 0.750805
v 0.293712 0.393889 0.775792
v 0.583328 0.393889 0.775792
v 0.293167 0.253029 0.768401
v 0.583874 0.253029 0.768401
v 0.694245 0.393889 0.741684
v 0.695235 0.253027 0.734294
v 0.697570 0.441775 0.716697
v 0.703966 0.466322 0.668579
v 0.726416 0.454938 0.499854
v 0.725135 0.252965 0.565871
v 0.173074 0.466322 0.668579
v 0.151932 0.252965 0.565871
v 0.179484 0.441775 0.716697
v 0.182796 0.393889 0.741684
v 0.181818 0.253027 0.734294
v 0.150624 0.454938 0.499854
v 0.150624 0.406147 0.257653
v 0.726416 0.252941 0.064545
v 0.638454 0.891383 -0.042701
v 0.637155 0.894492 0.036529
v 0.693331 0.779483 0.141423
v 0.692010 0.771978 -0.019278
v 0.239886 0.894492 0.036529
v 0.238588 0.891383 -0.042701
v 0.185031 0.771978 -0.019278
v 0.183710 0.779483 0.141423
v 0.150624 0.252941 0.064545
v 0.292894 0.910238 0.022169
v 0.287696 0.783087 0.096339
v 0.589346 0.783087 0.096339
v 0.584148 0.910238 0.022169
v 0.614759 0.910238 0.022169
v 0.262281 0.910238 0.022169
v 0.577943 0.938571 0.013020
v 0.298430 0.938571 0.013020
v 0.524307 1.106159 -0.026338
v 0.523579 1.102773 -0.055926
v 0.351454 1.102863 -0.055939
v 0.350701 1.106250 -0.026350
v 0.614616 0.911732 -0.046692
v 0.580411 0.911732 -0.046692
v 0.296630 0.911732 -0.046692
v 0.262424 0.911732 -0.046692
v 0.319653 1.063121 0.009375
v 0.555397 1.063121 0.009375
v 0.543538 1.092684 -0.002376
v 0.331491 1.092731 -0.002384
v 0.309041 0.995336 0.006777
v 0.566670 0.995336 0.006777
v 0.319979 1.052824 -0.065188
v 0.555617 1.052857 -0.065193
v 0.565384 0.994207 -0.057215
v 0.310782 0.994186 -0.057211
v 0.542357 1.084428 -0.067916
v 0.332915 1.084435 -0.067916
v 0.706581 0.729979 0.171040
v 0.707032 0.714834 -0.009162
v 0.170009 0.714834 -0.009162
v 0.170461 0.729979 0.171040
v 0.145681 0.467947 0.255635
v 0.146759 0.532393 0.243168
v 0.145159 0.483052 0.027828
v 0.143449 0.417212 0.038334
v 0.731747 0.483048 0.027824
v 0.733508 0.417212 0.038329
v 0.730282 0.532393 0.243168
v 0.362967 0.790836 0.711239
v 0.381904 0.843192 0.727406
v 0.282881 0.843192 0.727406
v 0.269886 0.790836 0.711239
v 0.381904 0.848014 0.711786
v 0.282881 0.848014 0.711786
v 0.362967 0.795659 0.695620
v 0.269886 0.795659 0.695620
v 0.491496 0.843192 0.727406
v 0.509241 0.790836 0.711239
v 0.605028 0.790836 0.711239
v 0.589728 0.843192 0.727406
v 0.509241 0.795659 0.695620
v 0.605028 0.795659 0.695620
v 0.491496 0.848014 0.711786
v 0.589728 0.848014 0.711786
v 0.466532 0.640358 0.650093
v 0.406870 0.640358 0.650093
v 0.406870 0.785406 0.694882
v 0.466532 0.785406 0.694882
v 0.466532 0.781951 0.706067
v 0.406870 0.781951 0.706067
v 0.406870 0.636904 0.661279
v 0.466532 0.636904 0.661279
v 0.541565 0.898617 0.736830
v 0.573712 0.852585 0.722838
v 0.582180 0.851324 0.739046
v 0.548045 0.900201 0.753901
v 0.493454 0.929374 0.746179
v 0.496961 0.932860 0.763828
v 0.436702 0.940175 0.749461
v 0.436702 0.944328 0.767314
v 0.379951 0.929374 0.746179
v 0.376444 0.932860 0.763828
v 0.331839 0.898617 0.736830
v 0.325359 0.900201 0.753901
v 0.299692 0.852585 0.722838
v 0.291226 0.851324 0.739046
v 0.288404 0.798286 0.706334
v 0.279239 0.793669 0.721521
v 0.299692 0.743987 0.689830
v 0.291226 0.736016 0.703998
v 0.331839 0.697956 0.675839
v 0.325359 0.687138 0.689141
v 0.379951 0.667197 0.666490
v 0.376443 0.654480 0.679215
v 0.436702 0.656397 0.663207
v 0.436702 0.643012 0.675729
v 0.493454 0.667197 0.666490
v 0.496961 0.654480 0.679215
v 0.541565 0.697956 0.675839
v 0.548045 0.687138 0.689141
v 0.573712 0.743987 0.689830
v 0.582180 0.736016 0.703998
v 0.585001 0.798286 0.706334
v 0.594166 0.793669 0.721521
v 0.599114 0.858035 0.741085
v 0.561007 0.912602 0.757671
v 0.503976 0.949061 0.768753
v 0.436702 0.961865 0.772644
v 0.369430 0.949061 0.768753
v 0.312398 0.912602 0.757671
v 0.274292 0.858035 0.741085
v 0.260911 0.793670 0.721521
v 0.274292 0.729304 0.701957
v 0.312398 0.674738 0.685372
v 0.369430 0.638279 0.674290
v 0.436702 0.625475 0.670399
v 0.503976 0.638279 0.674290
v 0.561006 0.674738 0.685372
v 0.599114 0.729304 0.701957
v 0.612495 0.793669 0.721521
v 0.607581 0.866007 0.726917
v 0.567487 0.923418 0.744368
v 0.507482 0.961778 0.756028
v 0.436702 0.975249 0.760121
v 0.365923 0.961778 0.756028
v 0.305918 0.923418 0.744368
v 0.265824 0.866007 0.726918
v 0.251746 0.798286 0.706334
v 0.265824 0.730565 0.685750
v 0.305918 0.673155 0.668300
v 0.365923 0.634793 0.656640
v 0.436702 0.621323 0.652546
v 0.507482 0.634793 0.656640
v 0.567487 0.673154 0.668300
v 0.607581 0.730565 0.685750
v 0.621660 0.798286 0.706334
v 0.599114 0.867268 0.710711
v 0.561007 0.921834 0.727295
v 0.503976 0.958294 0.738377
v 0.436702 0.971097 0.742269
v 0.369430 0.958294 0.738377
v 0.312398 0.921834 0.727295
v 0.274292 0.867268 0.710711
v 0.260911 0.802902 0.691147
v 0.274292 0.738537 0.671583
v 0.312398 0.683971 0.654998
v 0.369430 0.647511 0.643916
v 0.436702 0.634708 0.640024
v 0.503976 0.647510 0.643916
v 0.561006 0.683971 0.654998
v 0.599114 0.738537 0.671583
v 0.612495 0.802902 0.691147
v 0.582180 0.860556 0.708670
v 0.548045 0.909433 0.723527
v 0.496961 0.942092 0.733453
v 0.436702 0.953560 0.736939
v 0.376444 0.942092 0.733453
v 0.325359 0.909433 0.723527
v 0.291226 0.860557 0.708670
v 0.279239 0.802902 0.691147
v 0.291226 0.745248 0.673623
v 0.325359 0.696371 0.658766
v 0.376443 0.663713 0.648840
v 0.436702 0.652245 0.645355
v 0.496961 0.663713 0.648840
v 0.548045 0.696371 0.658766
v 0.582180 0.745248 0.673623
v 0.594166 0.802902 0.691147
v 0.503860 0.838989 0.705749
v 0.475476 0.866146 0.714003
v 0.475476 0.858935 0.737726
v 0.503860 0.831778 0.729471
v 0.436702 0.876086 0.717025
v 0.436702 0.868876 0.740748
v 0.397929 0.866146 0.714003
v 0.397929 0.858935 0.737726
v 0.369545 0.838989 0.705749
v 0.369545 0.831778 0.729471
v 0.359156 0.801891 0.694473
v 0.359156 0.794681 0.718195
v 0.369545 0.764794 0.683197
v 0.369545 0.757583 0.706919
v 0.397929 0.737636 0.674942
v 0.397929 0.730426 0.698664
v 0.436702 0.727697 0.671921
v 0.436702 0.720486 0.695643
v 0.475476 0.737636 0.674942
v 0.475476 0.730426 0.698664
v 0.503860 0.764794 0.683197
v 0.503860 0.757583 0.706919
v 0.514250 0.801891 0.694473
v 0.514250 0.794681 0.718195
v 0.436702 0.801891 0.694473
v 0.467010 0.802894 0.871674
v 0.489196 0.781667 0.865221
v 0.436702 0.810664 0.874036
v 0.406396 0.802894 0.871674
v 0.384210 0.781667 0.865221
v 0.376088 0.752670 0.856408
v 0.384210 0.723673 0.847594
v 0.406396 0.702446 0.841142
v 0.436702 0.694676 0.838780
v 0.467010 0.702446 0.841142
v 0.489196 0.723673 0.847594
v 0.497317 0.752670 0.856408
v 0.702847 0.684131 0.950706
v 0.640400 0.638925 0.939926
v 0.619282 0.677288 0.824315
v 0.675253 0.717808 0.833976
v 0.546943 0.608718 0.932724
v 0.535514 0.650214 0.817859
v 0.436702 0.598111 0.930194
v 0.436702 0.640707 0.815591
v 0.326463 0.608718 0.932724
v 0.337892 0.650214 0.817859
v 0.233004 0.638925 0.939926
v 0.254124 0.677288 0.824314
v 0.170559 0.684130 0.950706
v 0.198151 0.717808 0.833976
v 0.148630 0.737455 0.963421
v 0.178497 0.765603 0.845373
v 0.170559 0.790780 0.976136
v 0.198151 0.813399 0.856769
v 0.233004 0.835985 0.986915
v 0.254124 0.853918 0.866431
v 0.326462 0.866192 0.994118
v 0.337892 0.880992 0.872887
v 0.436702 0.876798 0.996646
v 0.436702 0.890500 0.875154
v 0.546943 0.866192 0.994118
v 0.535514 0.880992 0.872887
v 0.640400 0.835985 0.986915
v 0.619281 0.853918 0.866431
v 0.702847 0.790780 0.976136
v 0.675253 0.813399 0.856769
v 0.724775 0.737455 0.963421
v 0.694908 0.765603 0.845373
v 0.436702 0.765603 0.845373
v 0.670132 0.633605 1.130418
v 0.615363 0.593956 1.120965
v 0.533393 0.567462 1.114647
v 0.436702 0.558159 1.112428
v 0.340013 0.567462 1.114647
v 0.258043 0.593956 1.120965
v 0.203272 0.633605 1.130418
v 0.184039 0.680375 1.141571
v 0.203272 0.727145 1.152723
v 0.258043 0.766794 1.162177
v 0.340013 0.793287 1.168495
v 0.436702 0.802590 1.170713
v 0.533393 0.793287 1.168495
v 0.615363 0.766794 1.162177
v 0.670132 0.727145 1.152723
v 0.689366 0.680375 1.141571
v 0.580878 1.115581 -0.269806
v 0.595257 1.094831 -0.414021
v 0.626500 1.077735 0.502905
v 0.584913 1.122724 0.201848
v 0.804090 0.868524 1.110715
v 0.749176 0.936439 0.976802
v 0.693580 1.001096 0.798361
v 0.577744 1.121962 -0.118270
v 0.684163 1.011854 0.756865
v 0.821623 0.837031 0.961102
v 0.814108 0.828473 0.781891
v 0.578910 1.119598 -0.173573
v 0.721231 0.939953 -0.149352
v 0.726105 0.936561 -0.118229
v 0.703870 0.952110 -0.259644
v 0.717630 0.942466 -0.172323
v 0.579342 1.118716 -0.194499
v 0.000000 1.146125 0.522340
v 0.163911 1.144448 0.519862
v 0.406752 1.139612 0.497457
v 0.651261 1.031566 0.780128
v 0.704123 0.968937 0.962622
v 0.580564 1.118065 0.484645
v 0.595005 1.101494 0.519134
v 0.543196 1.130748 0.478189
v 0.289563 1.143745 -0.184036
v 0.297628 1.119418 -0.414021
v 0.292456 1.147312 0.201848
v 0.000000 1.154065 0.201848
v 0.000000 1.150498 -0.184036
v 0.000000 1.126171 -0.414021
v 0.653903 0.979155 -0.484655
v 0.556068 1.041433 -0.651211
v 0.610140 0.979155 -0.654695
v 0.297628 1.066021 -0.651211
v 0.000000 1.072773 -0.651211
v 0.780444 0.270037 -0.654695
v -0.595256 1.094831 -0.414021
v -0.580877 1.115581 -0.269806
v -0.584912 1.122724 0.201848
v -0.626499 1.077735 0.502905
v -0.749176 0.936439 0.976802
v -0.804089 0.868524 1.110715
v -0.693579 1.001096 0.798361
v -0.577744 1.121962 -0.118270
v -0.684163 1.011854 0.756865
v -0.821622 0.837031 0.961102
v -0.814108 0.828473 0.781891
v -0.797201 0.847842 0.511068
v -0.762855 0.892107 0.201801
v -0.726104 0.936561 -0.118229
v -0.578909 1.119598 -0.173573
v -0.721231 0.939953 -0.149352
v -0.717630 0.942466 -0.172323
v -0.703870 0.952110 -0.259644
v -0.579341 1.118716 -0.194499
v -0.163911 1.144448 0.519862
v -0.406752 1.139612 0.497457
v -0.704122 0.968937 0.962622
v -0.651261 1.031566 0.780128
v -0.595006 1.101494 0.519134
v -0.580563 1.118065 0.484645
v -0.543196 1.130748 0.478189
v -0.297627 1.119418 -0.414021
v -0.289563 1.143745 -0.184036
v -0.292455 1.147312 0.201848
v -0.653903 0.979155 -0.484655
v -0.610139 0.979155 -0.654695
v -0.556067 1.041433 -0.651211
v -0.297627 1.066021 -0.651211
v -0.816666 0.825550 0.823107
v 0.816667 0.825550 0.823107
v 0.797202 0.847842 0.511068
v 0.762854 0.892107 0.201801
v 0.808916 0.836361 1.279136
v 0.801249 0.270031 -0.149352
v 0.821623 0.811876 1.045855
v 0.821623 0.270788 0.938497
v 0.821623 0.716679 0.939201
v 0.410811 0.270031 0.909288
v -0.801248 0.270031 -0.149352
v -0.780443 0.270037 -0.654695
v -0.821622 0.270788 0.938497
v -0.821622 0.716679 0.939201
v 0.000000 0.270037 -0.654695
v 0.000000 0.269275 0.901530
v -0.410811 0.270031 0.909288
v 0.619666 0.845102 1.367282
v 0.438548 0.837963 1.431315
v -0.619665 0.845102 1.367282
v -0.808916 0.836361 1.279136
v -0.821622 0.811876 1.045855
v -0.410811 0.723332 0.909992
v 0.410811 0.723332 0.909992
v 0.242379 0.822685 1.473775
v 0.410811 0.818201 1.016646
v 0.000000 0.824026 1.488660
v -0.242379 0.822685 1.473775
v -0.438548 0.837963 1.431315
v 0.000000 0.728534 0.902234
v -0.410811 0.818201 1.016646
v 0.000000 0.823074 1.008888
v 0.205406 0.820638 1.012767
v -0.205406 0.820638 1.012767
v 0.970171 0.651020 1.175125
v 0.970171 0.690295 1.252205
v 0.970171 0.341879 1.600621
v 0.970171 0.427324 1.614154
v 0.970171 0.512768 1.600621
v 0.970171 0.589849 1.561346
v 0.970171 0.651020 1.500175
v 0.970171 0.690294 1.423095
v 0.970171 0.703828 1.337650
v 0.951257 0.746072 1.234082
v 0.969034 0.738981 1.236386
v 0.969034 0.692436 1.145035
v 0.951257 0.698467 1.140653
v 0.976398 0.721863 1.241948
v 0.976398 0.677874 1.155614
v 0.969034 0.755020 1.337650
v 0.976398 0.737020 1.337650
v 0.951257 0.762475 1.337650
v 0.969034 0.619939 1.072538
v 0.951257 0.624321 1.066506
v 0.976398 0.609359 1.087099
v 0.969034 0.528587 1.025993
v 0.951257 0.530891 1.018901
v 0.951257 0.427324 1.002498
v 0.951257 0.323756 1.018901
v 0.951257 0.230326 1.066506
v 0.951257 0.156181 1.140653
v 0.951257 0.108576 1.234082
v 0.951257 0.092173 1.337650
v 0.951257 0.108576 1.441218
v 0.951257 0.156181 1.534647
v 0.969034 0.234709 1.602762
v 0.951257 0.230326 1.608793
v 0.976398 0.245288 1.588200
v 0.969034 0.326060 1.649308
v 0.951257 0.323756 1.656398
v 0.976398 0.331622 1.632190
v 0.969034 0.427324 1.665346
v 0.951257 0.427324 1.672802
v 0.976398 0.427324 1.647348
v 0.969034 0.528587 1.649307
v 0.951257 0.530891 1.656398
v 0.976398 0.523025 1.632190
v 0.969034 0.619939 1.602762
v 0.951257 0.624320 1.608793
v 0.976398 0.609359 1.588199
v 0.969034 0.692436 1.530265
v 0.951257 0.698467 1.534647
v 0.976398 0.677874 1.519685
v 0.969034 0.738981 1.438913
v 0.951257 0.746072 1.441218
v 0.976398 0.721863 1.433351
v 0.705734 0.746072 1.234082
v 0.687957 0.738981 1.236386
v 0.687957 0.755020 1.337650
v 0.705734 0.762475 1.337650
v 0.680594 0.721863 1.241948
v 0.680594 0.737020 1.337650
v 0.687957 0.692436 1.145035
v 0.680594 0.677874 1.155614
v 0.705734 0.698467 1.140653
v 0.687957 0.619939 1.072538
v 0.680594 0.609359 1.087099
v 0.705734 0.624321 1.066506
v 0.687957 0.528587 1.025993
v 0.680594 0.523025 1.043110
v 0.705734 0.530891 1.018901
v 0.687957 0.427324 1.009954
v 0.680594 0.427324 1.027953
v 0.705734 0.427324 1.002498
v 0.687957 0.326060 1.025993
v 0.680594 0.331621 1.043110
v 0.705734 0.323756 1.018901
v 0.687957 0.234709 1.072538
v 0.680594 0.245288 1.087099
v 0.705734 0.230326 1.066506
v 0.687957 0.162212 1.145035
v 0.680594 0.176774 1.155614
v 0.705734 0.156181 1.140653
v 0.687957 0.115666 1.236386
v 0.680594 0.132784 1.241948
v 0.705734 0.108576 1.234082
v 0.687957 0.099628 1.337650
v 0.680594 0.117626 1.337650
v 0.705734 0.092173 1.337650
v 0.687957 0.115666 1.438913
v 0.680594 0.132784 1.433351
v 0.705734 0.108576 1.441217
v 0.687957 0.162212 1.530264
v 0.680594 0.176774 1.519685
v 0.705734 0.156181 1.534647
v 0.687957 0.234709 1.602761
v 0.680594 0.245288 1.588199
v 0.705734 0.230326 1.608793
v 0.687957 0.326060 1.649307
v 0.680594 0.331622 1.632189
v 0.705734 0.323756 1.656398
v 0.687957 0.427324 1.665346
v 0.680594 0.427324 1.647347
v 0.705734 0.427324 1.672801
v 0.687957 0.528587 1.649307
v 0.680594 0.523025 1.632189
v 0.705734 0.530891 1.656397
v 0.687957 0.619939 1.602761
v 0.680594 0.609359 1.588199
v 0.705734 0.624320 1.608793
v 0.687957 0.692436 1.530264
v 0.680594 0.677874 1.519685
v 0.705734 0.698467 1.534647
v 0.687957 0.738981 1.438913
v 0.680594 0.721863 1.433351
v 0.705734 0.746072 1.441217
v 0.680594 0.427324 1.337650
v -0.970171 0.651020 1.175125
v -0.970171 0.690295 1.252205
v -0.970171 0.341879 1.600621
v -0.970171 0.427324 1.614154
v -0.970171 0.512768 1.600621
v -0.970171 0.589849 1.561346
v -0.970171 0.651020 1.500175
v -0.970171 0.690294 1.423095
v -0.970171 0.703828 1.337650
v -0.951257 0.746072 1.234082
v -0.951257 0.698467 1.140653
v -0.969033 0.692436 1.145035
v -0.969033 0.738981 1.236386
v -0.976397 0.677874 1.155614
v -0.976397 0.721863 1.241948
v -0.976397 0.737020 1.337650
v -0.969033 0.755020 1.337650
v -0.951257 0.762475 1.337650
v -0.951257 0.624321 1.066506
v -0.969033 0.619939 1.072538
v -0.976397 0.609359 1.087099
v -0.951257 0.530891 1.018901
v -0.969033 0.528587 1.025993
v -0.951257 0.427324 1.002498
v -0.951257 0.323756 1.018901
v -0.951257 0.230326 1.066506
v -0.951257 0.156181 1.140653
v -0.951257 0.108576 1.234082
v -0.951257 0.092173 1.337650
v -0.951257 0.108576 1.441218
v -0.951257 0.156181 1.534647
v -0.951257 0.230326 1.608793
v -0.969033 0.234709 1.602762
v -0.976397 0.245288 1.588200
v -0.951257 0.323756 1.656398
v -0.969033 0.326060 1.649308
v -0.976397 0.331622 1.632190
v -0.951257 0.427324 1.672802
v -0.969033 0.427324 1.665346
v -0.976397 0.427324 1.647348
v -0.951257 0.530891 1.656398
v -0.969033 0.528587 1.649307
v -0.976397 0.523025 1.632190
v -0.951257 0.624320 1.608793
v -0.969033 0.619939 1.602762
v -0.976397 0.609359 1.588199
v -0.951257 0.698467 1.534647
v -0.969033 0.692436 1.530265
v -0.976397 0.677874 1.519685
v -0.951257 0.746072 1.441218
v -0.969033 0.738981 1.438913
v -0.976397 0.721863 1.433351
v -0.705734 0.746072 1.234082
v -0.705734 0.762475 1.337650
v -0.687957 0.755020 1.337650
v -0.687957 0.738981 1.236386
v -0.680593 0.737020 1.337650
v -0.680593 0.721863 1.241948
v -0.680593 0.677874 1.155614
v -0.687957 0.692436 1.145035
v -0.705734 0.698467 1.140653
v -0.680593 0.609359 1.087099
v -0.687957 0.619939 1.072538
v -0.705734 0.624321 1.066506
v -0.680593 0.523025 1.043110
v -0.687957 0.528587 1.025993
v -0.705734 0.530891 1.018901
v -0.680593 0.427324 1.027953
v -0.687957 0.427324 1.009954
v -0.705734 0.427324 1.002498
v -0.680593 0.331621 1.043110
v -0.687957 0.326060 1.025993
v -0.705734 0.323756 1.018901
v -0.680593 0.245288 1.087099
v -0.687957 0.234709 1.072538
v -0.705734 0.230326 1.066506
v -0.680593 0.176774 1.155614
v -0.687957 0.162212 1.145035
v -0.705734 0.156181 1.140653
v -0.680593 0.132784 1.241948
v -0.687957 0.115666 1.236386
v -0.705734 0.108576 1.234082
v -0.680593 0.117626 1.337650
v -0.687957 0.099628 1.337650
v -0.705734 0.092173 1.337650
v -0.680593 0.132784 1.433351
v -0.687957 0.115666 1.438913
v -0.705734 0.108576 1.441217
v -0.680593 0.176774 1.519685
v -0.687957 0.162212 1.530264
v -0.705734 0.156181 1.534647
v -0.680593 0.245288 1.588199
v -0.687957 0.234709 1.602761
v -0.705734 0.230326 1.608793
v -0.680593 0.331622 1.632189
v -0.687957 0.326060 1.649307
v -0.705734 0.323756 1.656398
v -0.680593 0.427324 1.647347
v -0.687957 0.427324 1.665346
v -0.705734 0.427324 1.672801
v -0.680593 0.523025 1.632189
v -0.687957 0.528587 1.649307
v -0.705734 0.530891 1.656397
v -0.680593 0.609359 1.588199
v -0.687957 0.619939 1.602761
v -0.705734 0.624320 1.608793
v -0.680593 0.677874 1.519685
v -0.687957 0.692436 1.530264
v -0.705734 0.698467 1.534647
v -0.680593 0.721863 1.433351
v -0.687957 0.738981 1.438913
v -0.705734 0.746072 1.441217
v -0.680593 0.427324 1.337650
v 0.977621 0.680406 -1.499482
v 0.977621 0.721745 -1.418349
v 0.977621 0.705202 -1.412974
v 0.977621 0.666333 -1.489258
v 0.977621 0.616018 -1.563871
v 0.977621 0.534884 -1.605210
v 0.977621 0.444946 -1.619455
v 0.977621 0.534884 -1.051613
v 0.977621 0.616018 -1.092952
v 0.977621 0.680405 -1.157340
v 0.977621 0.666333 -1.167564
v 0.977621 0.721745 -1.238474
v 0.977621 0.705202 -1.243849
v 0.977621 0.735989 -1.328411
v 0.977621 0.718596 -1.328411
v 0.957712 0.780455 -1.437425
v 0.976424 0.772991 -1.435000
v 0.976424 0.723999 -1.531155
v 0.957712 0.730347 -1.535767
v 0.984175 0.754973 -1.429146
v 0.984175 0.708671 -1.520019
v 0.976424 0.789874 -1.328411
v 0.984175 0.770927 -1.328411
v 0.957712 0.797720 -1.328411
v 0.976424 0.647689 -1.607463
v 0.957712 0.652302 -1.613812
v 0.984175 0.636553 -1.592136
v 0.976424 0.551534 -1.656456
v 0.957712 0.553960 -1.663920
v 0.984175 0.545680 -1.638438
v 0.976424 0.444946 -1.673339
v 0.957712 0.444946 -1.681186
v 0.984175 0.444946 -1.654394
v 0.976424 0.338358 -1.656456
v 0.957712 0.335933 -1.663920
v 0.984175 0.344212 -1.638438
v 0.957712 0.237591 -1.613812
v 0.957712 0.159546 -1.535767
v 0.957712 0.109438 -1.437425
v 0.957712 0.092172 -1.328411
v 0.957712 0.109438 -1.219398
v 0.957712 0.159546 -1.121056
v 0.957712 0.237591 -1.043012
v 0.976424 0.338359 -1.000367
v 0.957712 0.335933 -0.992903
v 0.976424 0.444946 -0.983484
v 0.957712 0.444946 -0.975637
v 0.984175 0.444946 -1.002429
v 0.976424 0.551534 -1.000367
v 0.957712 0.553960 -0.992903
v 0.984175 0.545680 -1.018385
v 0.976424 0.647690 -1.049360
v 0.957712 0.652302 -1.043012
v 0.984175 0.636553 -1.064687
v 0.976424 0.723998 -1.125668
v 0.957712 0.730347 -1.121056
v 0.984175 0.708671 -1.136805
v 0.976424 0.772991 -1.221824
v 0.957712 0.780455 -1.219398
v 0.984175 0.754973 -1.227677
v 0.699279 0.780455 -1.437425
v 0.680567 0.772991 -1.435000
v 0.680567 0.789872 -1.328411
v 0.699279 0.797720 -1.328411
v 0.672816 0.754973 -1.429146
v 0.672816 0.770927 -1.328411
v 0.680567 0.723999 -1.531155
v 0.672816 0.708671 -1.520019
v 0.699279 0.730347 -1.535767
v 0.680567 0.647689 -1.607463
v 0.672816 0.636553 -1.592136
v 0.699279 0.652302 -1.613812
v 0.680567 0.551534 -1.656456
v 0.672816 0.545680 -1.638438
v 0.699279 0.553960 -1.663920
v 0.680567 0.444946 -1.673339
v 0.672816 0.444946 -1.654394
v 0.699279 0.444946 -1.681186
v 0.680567 0.338358 -1.656456
v 0.672816 0.344212 -1.638438
v 0.699279 0.335933 -1.663920
v 0.680567 0.242203 -1.607463
v 0.672816 0.253339 -1.592136
v 0.699279 0.237591 -1.613812
v 0.680567 0.165894 -1.531155
v 0.672816 0.181222 -1.520019
v 0.699279 0.159546 -1.535767
v 0.680567 0.116902 -1.435000
v 0.672816 0.134920 -1.429146
v 0.699279 0.109438 -1.437425
v 0.680567 0.100019 -1.328411
v 0.672816 0.118964 -1.328411
v 0.699279 0.092172 -1.328411
v 0.680567 0.116902 -1.221824
v 0.672816 0.134920 -1.227677
v 0.699279 0.109438 -1.219398
v 0.680567 0.165895 -1.125669
v 0.672816 0.181222 -1.136805
v 0.699279 0.159546 -1.121056
v 0.680567 0.242203 -1.049360
v 0.672816 0.253340 -1.064687
v 0.699279 0.237591 -1.043012
v 0.680567 0.338359 -1.000367
v 0.672816 0.344212 -1.018385
v 0.699279 0.335933 -0.992903
v 0.680567 0.444946 -0.983484
v 0.672816 0.444946 -1.002429
v 0.699279 0.444946 -0.975637
v 0.680567 0.551534 -1.000367
v 0.672816 0.545680 -1.018385
v 0.699279 0.553960 -0.992904
v 0.680567 0.647690 -1.049360
v 0.672816 0.636553 -1.064687
v 0.699279 0.652302 -1.043012
v 0.680567 0.723998 -1.125669
v 0.672816 0.708671 -1.136805
v 0.699279 0.730347 -1.121056
v 0.680567 0.772991 -1.221824
v 0.672816 0.754973 -1.227677
v 0.699279 0.780455 -1.219398
v 0.672816 0.444946 -1.328411
v 0.965921 0.608499 -1.411746
v 0.965921 0.608135 -1.399578
v 0.965921 0.626245 -1.299697
v 0.965921 0.622139 -1.311156
v 0.965921 0.719697 -1.408424
v 0.965921 0.719334 -1.396256
v 0.965921 0.726869 -1.348679
v 0.965921 0.730975 -1.337219
v 0.936046 0.608499 -1.411746
v 0.936046 0.719697 -1.408424
v 0.936046 0.626245 -1.299697
v 0.936046 0.730975 -1.337219
v -0.977620 0.680406 -1.499482
v -0.977620 0.666333 -1.489258
v -0.977620 0.705202 -1.412974
v -0.977620 0.721745 -1.418349
v -0.977620 0.616018 -1.563871
v -0.977620 0.534884 -1.605210
v -0.977620 0.444946 -1.619455
v -0.977620 0.534884 -1.051613
v -0.977620 0.616018 -1.092952
v -0.977620 0.680405 -1.157340
v -0.977620 0.666333 -1.167564
v -0.977620 0.721745 -1.238474
v -0.977620 0.705202 -1.243849
v -0.977620 0.735989 -1.328411
v -0.977620 0.718596 -1.328411
v -0.957712 0.780455 -1.437425
v -0.957712 0.730347 -1.535767
v -0.976423 0.723999 -1.531155
v -0.976423 0.772991 -1.435000
v -0.984175 0.708671 -1.520019
v -0.984175 0.754973 -1.429146
v -0.984175 0.770927 -1.328411
v -0.976423 0.789874 -1.328411
v -0.957712 0.797720 -1.328411
v -0.957712 0.652302 -1.613812
v -0.976423 0.647689 -1.607463
v -0.984175 0.636553 -1.592136
v -0.957712 0.553960 -1.663920
v -0.976423 0.551534 -1.656456
v -0.984175 0.545680 -1.638438
v -0.957712 0.444946 -1.681186
v -0.976423 0.444946 -1.673339
v -0.984175 0.444946 -1.654394
v -0.957712 0.335933 -1.663920
v -0.976423 0.338358 -1.656456
v -0.984175 0.344212 -1.638438
v -0.957712 0.237591 -1.613812
v -0.957712 0.159546 -1.535767
v -0.957712 0.109438 -1.437425
v -0.957712 0.092172 -1.328411
v -0.957712 0.109438 -1.219398
v -0.957712 0.159546 -1.121056
v -0.957712 0.237591 -1.043012
v -0.957712 0.335933 -0.992903
v -0.976423 0.338359 -1.000367
v -0.957712 0.444946 -0.975637
v -0.976423 0.444946 -0.983484
v -0.984175 0.444946 -1.002429
v -0.957712 0.553960 -0.992903
v -0.976423 0.551534 -1.000367
v -0.984175 0.545680 -1.018385
v -0.957712 0.652302 -1.043012
v -0.976423 0.647690 -1.049360
v -0.984175 0.636553 -1.064687
v -0.957712 0.730347 -1.121056
v -0.976423 0.723998 -1.125668
v -0.984175 0.708671 -1.136805
v -0.957712 0.780455 -1.219398
v -0.976423 0.772991 -1.221824
v -0.984175 0.754973 -1.227677
v -0.699279 0.780455 -1.437425
v -0.699279 0.797720 -1.328411
v -0.680567 0.789872 -1.328411
v -0.680567 0.772991 -1.435000
v -0.672816 0.770927 -1.328411
v -0.672816 0.754973 -1.429146
v -0.672816 0.708671 -1.520019
v -0.680567 0.723999 -1.531155
v -0.699279 0.730347 -1.535767
v -0.672816 0.636553 -1.592136
v -0.680567 0.647689 -1.607463
v -0.699279 0.652302 -1.613812
v -0.672816 0.545680 -1.638438
v -0.680567 0.551534 -1.656456
v -0.699279 0.553960 -1.663920
v -0.672816 0.444946 -1.654394
v -0.680567 0.444946 -1.673339
v -0.699279 0.444946 -1.681186
v -0.672816 0.344212 -1.638438
v -0.680567 0.338358 -1.656456
v -0.699279 0.335933 -1.663920
v -0.672816 0.253339 -1.592136
v -0.680567 0.242203 -1.607463
v -0.699279 0.237591 -1.613812
v -0.672816 0.181222 -1.520019
v -0.680567 0.165894 -1.531155
v -0.699279 0.159546 -1.535767
v -0.672816 0.134920 -1.429146
v -0.680567 0.116902 -1.435000
v -0.699279 0.109438 -1.437425
v -0.672816 0.118964 -1.328411
v -0.680567 0.100019 -1.328411
v -0.699279 0.092172 -1.328411
v -0.672816 0.134920 -1.227677
v -0.680567 0.116902 -1.221824
v -0.699279 0.109438 -1.219398
v -0.672816 0.181222 -1.136805
v -0.680567 0.165895 -1.125669
v -0.699279 0.159546 -1.121056
v -0.672816 0.253340 -1.064687
v -0.680567 0.242203 -1.049360
v -0.699279 0.237591 -1.043012
v -0.672816 0.344212 -1.018385
v -0.680567 0.338359 -1.000367
v -0.699279 0.335933 -0.992903
v -0.672816 0.444946 -1.002429
v -0.680567 0.444946 -0.983484
v -0.699279 0.444946 -0.975637
v -0.672816 0.545680 -1.018385
v -0.680567 0.551534 -1.000367
v -0.699279 0.553960 -0.992904
v -0.672816 0.636553 -1.064687
v -0.680567 0.647690 -1.049360
v -0.699279 0.652302 -1.043012
v -0.672816 0.708671 -1.136805
v -0.680567 0.723998 -1.125669
v -0.699279 0.730347 -1.121056
v -0.672816 0.754973 -1.227677
v -0.680567 0.772991 -1.221824
v -0.699279 0.780455 -1.219398
v -0.672816 0.444946 -1.328411
v -0.965920 0.608499 -1.411746
v -0.965920 0.608135 -1.399578
v -0.965920 0.626245 -1.299697
v -0.965920 0.622139 -1.311156
v -0.965920 0.719334 -1.396256
v -0.965920 0.719697 -1.408424
v -0.965920 0.730975 -1.337219
v -0.965920 0.726869 -1.348679
v -0.936045 0.719697 -1.408424
v -0.936045 0.608499 -1.411746
v -0.936045 0.626245 -1.299697
v -0.936045 0.730975 -1.337219
f 1 2 3 4
f 5 6 7 8
f 9 10 6 11
f 12 13 14 15
f 16 17 18 19
f 20 21 22 23
f 23 22 24 25
f 26 27 28 29
f 30 26 29 31
f 19 18 32 33
f 34 35 36 37
f 36 38 39 37
f 38 40 41 39
f 42 43 44 45
f 46 47 48 49
f 29 28 50 51
f 31 29 51 52
f 53 54 55 56
f 57 58 59
f 25 60 17 16
f 33 32 61
f 62 63 64 65
f 42 45 66
f 67 68 69 70
f 68 71 72 69
f 69 72 73 74
f 70 69 74 75
f 76 77 78 79
f 80 81 82 83
f 80 84 85 86
f 87 88 83 89
f 82 90 89 83
f 86 91 81 80
f 83 88 84 80
f 92 91 86
f 93 94 95 96
f 97 98 93 96
f 99 100 101 102
f 103 104 100 99
f 103 14 13 104
f 56 95 94 53
f 102 105 98 97
f 106 39 41 107
f 108 37 39 106
f 108 109 34 37
f 74 73 110 111
f 75 74 111 112
f 113 42 66 114
f 115 116 117
f 106 107 118 100
f 108 106 100 104
f 109 108 104 13
f 119 120 121 122
f 123 124 119 122
f 65 125 126 62
f 64 127 128 65
f 129 130 92 86
f 131 132 133 134
f 130 135 136
f 86 85 137 129
f 134 138 135 131
f 131 135 130 129
f 132 131 129 137
f 65 128 125
f 139 140 134 133
f 59 119 124 57
f 141 142 143 144
f 88 87 145 146
f 85 84 147 148
f 84 88 146 147
f 132 137 149 150
f 151 152 54 53
f 143 142 153 154
f 155 156 157 158
f 54 152 159 160
f 55 54 160 161
f 162 163 164 165
f 166 162 165 167
f 168 169 166 167
f 170 124 123
f 171 170 144
f 172 157 156 173
f 149 137 85 148
f 151 174 175 152
f 58 176 177 59
f 178 179 180 181
f 182 183 111 110
f 184 182 110
f 59 177 120 119
f 62 126 179 178
f 185 63 62 178
f 186 187 176 58
f 175 180 188 189
f 159 152 175 189
f 181 180 175 174
f 190 191 192 193
f 191 194 195 196
f 192 191 196
f 150 149 197 198
f 199 200 201 202
f 199 202 197 149
f 203 195 204 205
f 196 195 203
f 139 133 206 207
f 207 206 208 209
f 123 139 207 210
f 206 133 132 150
f 150 198 208 206
f 211 138 134 140
f 122 140 139 123
f 122 121 211 140
f 212 210 207
f 213 214 215 216
f 214 213 217 212
f 218 217 213 219
f 219 213 216 220
f 214 212 207 209
f 212 217 210
f 221 222 194 223
f 222 221 220 224
f 218 219 221 223
f 221 219 220
f 204 195 194 222
f 215 224 220 216
f 225 226 227 228
f 76 79 229 230
f 226 193 231 227
f 193 192 232 231
f 192 196 233 232
f 196 203 234 233
f 146 145 235 236
f 148 147 237 238
f 147 146 236 237
f 78 77 239 240
f 149 148 238 241
f 199 149 241 242
f 236 235 240 239
f 198 197 243
f 202 201 244
f 201 245 244
f 243 197 202 244
f 244 245 246 247
f 248 205 204 249
f 247 246 205 248
f 250 251 248 249
f 209 208 251 250
f 251 208 198 243
f 244 251 243
f 215 250 249 224
f 250 215 214 209
f 249 204 222 224
f 251 247 248
f 247 251 244
f 252 253 77 76
f 254 255 253 252
f 245 201 200 256
f 245 256 257 246
f 203 205 246 257
f 258 254 252 259
f 252 76 230 259
f 203 257 260 234
f 239 77 253 261
f 255 262 261 253
f 262 256 200 263
f 263 200 199 242
f 237 236 239 261
f 263 261 262
f 238 261 241
f 237 261 238
f 241 261 242
f 242 261 263
f 254 258 260 257
f 255 254 257 256
f 262 255 256
f 117 116 113 264
f 100 118 101
f 102 101 105
f 67 70 45 44
f 41 40 265 266
f 70 75 66 45
f 107 41 266 267
f 75 112 114 66
f 268 269 115 117
f 93 98 270 271
f 105 101 272 273
f 101 118 274 272
f 98 105 273 270
f 118 107 267 274
f 116 115 275 276
f 115 271 275
f 113 116 276 277
f 42 113 277 278
f 43 42 278 279
f 181 185 178
f 58 280 281 186
f 282 280 58 57
f 57 124 282
f 144 143 283 171
f 284 283 143 154
f 282 124 170 171
f 285 21 20 286
f 287 288 289 290
f 290 291 287
f 8 7 292 293
f 294 60 24 295
f 25 24 60
f 293 292 296
f 9 297 10
f 33 61 297 9
f 61 291 296 297
f 293 296 291 290
f 15 298 12
f 299 300 301
f 299 14 302 300
f 99 102 303 304
f 96 95 305 306
f 97 96 306 307
f 103 99 304 308
f 102 97 307 303
f 95 309 310 305
f 26 30 311 312
f 14 103 308 302
f 11 6 5
f 313 314 315 316
f 317 318 7 6
f 313 319 5 8
f 320 317 6 10
f 300 302 9 11
f 321 322 18 17
f 304 303 16 19
f 323 324 22 21
f 306 305 20 23
f 324 325 24 22
f 307 306 23 25
f 322 326 32 18
f 308 304 19 33
f 327 321 17 60
f 303 307 25 16
f 326 328 61 32
f 329 323 21 285
f 305 310 286 20
f 330 329 285 295
f 331 332 294 333
f 334 331 333 288
f 335 334 288 287
f 312 311 290 289
f 336 335 287 291
f 318 337 292 7
f 332 327 60 294
f 325 330 295 24
f 337 338 296 292
f 339 320 10 297
f 302 308 33 9
f 328 336 291 61
f 338 339 297 296
f 311 340 293 290
f 319 300 11 5
f 15 14 299
f 301 298 15 299
f 341 301 342
f 341 342 343
f 343 342 344
f 345 346 347 348
f 348 347 349 350
f 348 350 35 34
f 345 109 13 12
f 348 34 109 345
f 351 352 353 354
f 354 353 355 356
f 355 353 3 2
f 353 352 3
f 354 356 357 358
f 354 358 359
f 354 359 351
f 360 361 351 362
f 351 359 363 362
f 12 298 364 365
f 298 301 341 364
f 365 345 12
f 346 345 365 366
f 341 366 365 364
f 366 341 367 368
f 359 346 366 363
f 347 346 359 358
f 349 347 358 357
f 369 370 371 372
f 372 371 373 367
f 367 373 374 368
f 375 376 371 370
f 363 366 377 362
f 371 376 378 373
f 373 378 377 374
f 374 377 366 368
f 362 377 379 360
f 380 381 47 46
f 382 383 384 385
f 386 375 387 388
f 387 375 389
f 390 391 392 393
f 394 395 391 390
f 396 397 398
f 343 398 369 372
f 344 398 343
f 398 344 396
f 398 375 370 369
f 399 391 395
f 398 389 375
f 399 400 392 391
f 401 397 402
f 293 403 313 8
f 404 405 406 340
f 405 404 407 408
f 408 407 409 410
f 410 409 411 412
f 413 414 415 416
f 412 411 417 418
f 419 420 421 422
f 420 419 423 424
f 422 421 425 426
f 418 417 427 428
f 429 430 431 432
f 429 433 426 425
f 429 434 435 436
f 437 438 439 440
f 441 442 436 435
f 432 431 440 439
f 416 415 443 444
f 47 445 423 48
f 446 162 166 447
f 48 419 422
f 28 448 449 50
f 407 404 30 31
f 409 407 31 52
f 450 163 162 446
f 48 423 419
f 447 166 169 451
f 48 422 426
f 309 452 453 310
f 454 313 403
f 30 404 340 311
f 313 454 455 314
f 381 456 445 47
f 427 457 46 49
f 427 417 457
f 458 459 460 461
f 441 435 169 168
f 451 169 435 434
f 48 426 433 462
f 49 48 462 463
f 427 49 463 464
f 465 393 466
f 392 467 468 393
f 466 393 468 469
f 392 400 414 467
f 465 470 394
f 393 465 394 390
f 314 455 397
f 416 402 471 413
f 402 397 455 471
f 444 401 402 416
f 415 414 400
f 400 399 443 415
f 293 340 406
f 446 420 424 450
f 421 420 446 447
f 425 421 447 451
f 434 429 425 451
f 442 472 473 436
f 430 429 436 473
f 438 464 463 439
f 462 432 439 463
f 433 429 432 462
f 295 285 286 474
f 475 333 294 474
f 289 288 333 475
f 474 294 295
f 476 27 26 312
f 286 310 453 474
f 475 476 312 289
f 475 474 477 476
f 478 479 448 480
f 478 480 477 481
f 28 27 480 448
f 477 480 27 476
f 481 474 453
f 453 452 478 481
f 474 481 477
f 471 410 412 413
f 455 408 410 471
f 454 405 408 455
f 406 405 454 403
f 467 418 428 468
f 414 412 418 467
f 293 406 403
f 413 412 414
f 428 427 464 438
f 438 437 469
f 469 468 428 438
f 482 483 484 485
f 486 483 482 487
f 485 484 488 489
f 490 491 492 493
f 491 490 494 495
f 495 494 489 488
f 486 487 493 492
f 485 409 52 482
f 496 497 498 499
f 417 489 494
f 490 493 46 457
f 487 380 46 493
f 500 501 502
f 457 417 494 490
f 411 409 485
f 485 489 411
f 411 489 417
f 483 496 500 484
f 488 484 500 502
f 501 495 488 502
f 503 491 495 501
f 492 491 503 504
f 497 486 492 504
f 496 483 486 497
f 51 380 487
f 51 50 381 380
f 50 449 456 381
f 225 505 506 226
f 193 226 506 190
f 507 508 509 510
f 508 511 512 513
f 513 512 514 515
f 515 514 516 517
f 518 519 510 509
f 520 521 522 523
f 507 510 524 525
f 526 524 510 519
f 527 528 384 383
f 529 522 521 530
f 531 473 472 532
f 430 473 531 533
f 431 430 533 534
f 440 431 534 535
f 437 440 535 536
f 537 520 523 528
f 535 515 517 536
f 534 513 515 535
f 533 508 513 534
f 509 508 533 531
f 532 518 509 531
f 538 539 524 526
f 525 524 539 540
f 511 541 542
f 543 542 544 545
f 546 539 538 547
f 540 539 546 548
f 549 550 551 552
f 553 549 552 554
f 508 507 511
f 555 511 507 525
f 550 555 525 540
f 469 437 556 466
f 556 557 465 466
f 465 557 558 470
f 557 559 560 558
f 561 562 563 564
f 520 564 563 521
f 565 566 517 516
f 562 567 568 563
f 563 568 521
f 545 569 570 543
f 571 437 536
f 572 557 556 573
f 559 574 575
f 437 571 573 556
f 537 574 520
f 573 561 564 572
f 536 517 566 571
f 576 577 553 554
f 567 578 579 568
f 521 568 579 530
f 561 573 571 566
f 562 561 566 565
f 567 570 569
f 578 567 577 576
f 567 562 565 570
f 570 565 516
f 543 570 516 514
f 514 512 542 543
f 580 581 582 583
f 511 542 512
f 544 584 585 549
f 545 544 549 553
f 577 569 545 553
f 567 569 577
f 551 550 540 548
f 555 586 541 511
f 585 586 555 550
f 549 585 550
f 542 541 584 544
f 541 586 581 580
f 586 585 582 581
f 585 584 583 582
f 584 541 580 583
f 587 588 589 590
f 460 591 587 461
f 592 558 560 593
f 587 591 588
f 537 528 527
f 572 574 559 557
f 527 575 574 537
f 520 574 572 564
f 559 575 589 588
f 575 527 590 589
f 527 383 587 590
f 593 560 591 460
f 383 382 461 587
f 560 559 588 591
f 594 595 592 596
f 595 594 394
f 596 592 593 597
f 458 598 597 459
f 459 597 593 460
f 382 598 458 461
f 598 382 385 599
f 599 600 601 598
f 596 601 602
f 601 596 597 598
f 470 558 592 595
f 394 470 595
f 496 499 603 500
f 504 604 498 497
f 605 606 607 608
f 609 610 605 608
f 611 604 504 503
f 501 612 611 503
f 500 603 612 501
f 499 498 606 605
f 498 604 607 606
f 604 611 608 607
f 612 603 610 609
f 603 499 605 610
f 611 612 609 608
f 613 614 615 616
f 387 617 618 388
f 616 615 619 620
f 614 621 622 615
f 617 387 389 623
f 624 619 615 622
f 401 625 398 397
f 623 389 398 625
f 622 626 627 624
f 628 629 626
f 621 628 626 622
f 401 444 629 625
f 630 627 626 631
f 594 596 602 632
f 631 626 629 632
f 444 443 632 629
f 594 632 395 394
f 632 443 399 395
f 602 601 631 632
f 600 630 631 601
f 614 613 618 617
f 621 614 617 623
f 628 621 623 625
f 629 628 625
f 633 634 635 636
f 361 360 637 638
f 639 640 641 642
f 643 644 645 646
f 642 641 647 648
f 649 650 386 388
f 649 651 647 650
f 652 653 634 654
f 634 655 656 654
f 633 657 655 634
f 658 659 660 661
f 662 654 663 664
f 665 666 663 667
f 667 663 654 656
f 668 669 670 671
f 672 670 669 673
f 674 675 676
f 677 678 679 680
f 681 682 683 684
f 685 649 388 618
f 686 613 616 687
f 688 687 616 620
f 689 686 687 690
f 649 685 691 651
f 658 690 659
f 659 690 687 688
f 692 693 651 691
f 694 689 690
f 695 696 697 698
f 699 694 690
f 661 700 701 658
f 702 701 695
f 701 699 690 658
f 689 694 692 691
f 686 689 691 685
f 613 686 685 618
f 703 695 701 700
f 681 684 704 705
f 706 707 708
f 709 706 710 711
f 712 710 706 713
f 708 714 713 706
f 706 709 715 707
f 716 717 718 719
f 720 713 714
f 721 712 713 720
f 716 719 722 723
f 716 723 724
f 724 723 725
f 726 727 728 729
f 723 722 730 725
f 727 731 732 728
f 730 721 720 725
f 727 720 714 731
f 725 726 724
f 726 725 720 727
f 666 733 664 663
f 734 735 736
f 737 738 739 740
f 741 742 676 675
f 743 744 742 741
f 745 746 747 748
f 696 749 697
f 750 751 746 745
f 752 753 738 737
f 678 754 751 750
f 755 754 678 677
f 705 704 756 757
f 757 756 758 759
f 715 709 758
f 759 758 709 711
f 634 760 635
f 634 653 760
f 760 653 674 676
f 653 652 761 674
f 762 662 664 763
f 664 733 764 763
f 684 683 736 739
f 697 749 755 677
f 742 744 735 765
f 684 739 738 704
f 740 747 746 737
f 704 738 753 756
f 746 751 752 737
f 766 767 753 752
f 767 766 768 769
f 715 758 767 769
f 756 753 767 758
f 752 751 754 766
f 766 754 755 768
f 769 768 770 771
f 740 739 736 735
f 744 747 740 735
f 748 747 744 743
f 652 662 762 761
f 652 654 662
f 772 773 774 775
f 775 774 776 734
f 682 772 775 683
f 760 774 773 635
f 742 774 760 676
f 775 734 736 683
f 774 742 765 776
f 765 735 776
f 776 735 734
f 645 644 668 671
f 670 672 777 778
f 671 670 778 779
f 645 671 779 780
f 759 711 781 782
f 710 712 783 784
f 722 719 785 786
f 721 730 787
f 682 681 788 789
f 772 682 789 790
f 773 772 790 791
f 710 784 781 711
f 718 792 785 719
f 721 787 783 712
f 722 786 787 730
f 668 644 793 794
f 644 643 795 793
f 669 668 794 796
f 673 669 796 797
f 794 793 798 799
f 793 795 800 798
f 796 794 799 801
f 797 796 801 802
f 799 798 803 804
f 798 800 805 803
f 801 799 804 806
f 802 801 806 807
f 807 806 808 809
f 804 803 810 811
f 803 805 812 810
f 806 804 811 808
f 813 808 811
f 813 811 810 814
f 814 810 812
f 815 816 817 818
f 818 817 819 820
f 820 819 821 822
f 822 821 823 824
f 824 823 814
f 816 717 825 817
f 643 815 818 795
f 817 825 826 819
f 795 818 820 800
f 819 826 827 821
f 800 820 822 805
f 821 827 828 823
f 805 822 824 812
f 812 824 814
f 823 828 814
f 829 791 830
f 830 791 778 777
f 791 790 778
f 790 789 779 778
f 789 788 780 779
f 831 832 705 757
f 831 757 759 782
f 646 645 780 833
f 834 835 836 837
f 815 835 834 816
f 646 835 815 643
f 718 717 816 834
f 835 646 833 836
f 718 834 837 792
f 831 836 833 832
f 836 831 782
f 837 836 782 781
f 785 792 837 781
f 786 785 781 784
f 786 784 783 787
f 750 838 679 678
f 745 839 838 750
f 748 840 839 745
f 841 840 748 743
f 743 741 842 841
f 843 842 741 675
f 674 844 843 675
f 845 844 674 761
f 762 846 845 761
f 763 847 846 762
f 764 848 847 763
f 788 832 833 780
f 788 681 705 832
f 849 850 851 813
f 852 853 854 855
f 856 851 850 857
f 813 854 853
f 854 851 856 855
f 854 813 851
f 809 808 858 859
f 808 813 860 861
f 862 859 858 863
f 864 861 860 865
f 862 856 857
f 864 862 863
f 855 862 852
f 863 858 861 864
f 865 860 853 852
f 861 858 808
f 860 813 853
f 865 852 862
f 862 855 856
f 862 864 865
f 866 867 868 869
f 870 868 867 871
f 872 873 874 875
f 876 868 870 877
f 874 878 879 875
f 876 869 868
f 867 873 872 871
f 867 866 873
f 866 636 635 880
f 635 773 881 880
f 830 869 881 829
f 881 773 791 829
f 873 866 880 874
f 881 869 876 882
f 879 878 883 884
f 877 885 882 876
f 874 880 878
f 880 883 878
f 884 883 882 885
f 881 883 880
f 879 884 885 875
f 883 881 882
f 875 885 877 872
f 872 877 870 871
f 886 887 888 889
f 887 886 890 891
f 891 890 892 893
f 889 888 894 895
f 895 693 896 897
f 895 894 648 647
f 655 657 898 899
f 887 891 900 901
f 902 900 891 893
f 656 655 899 903
f 667 656 903 904
f 904 905 665 667
f 642 888 639
f 888 887 901 639
f 888 642 648 894
f 702 896 699 701
f 896 693 692
f 665 905 906
f 907 666 665 906
f 896 692 694 699
f 907 733 666
f 733 907 908 764
f 905 895 897 906
f 904 889 895 905
f 903 886 889 904
f 890 886 903 899
f 892 890 899 898
f 693 895 647 651
f 909 698 697 677
f 910 909 911 912
f 909 677 680 911
f 908 912 848 764
f 897 896 913 914
f 915 914 913 910
f 702 695 698 913
f 702 913 896
f 910 913 698 909
f 915 912 908
f 908 907 914 915
f 907 906 897 914
f 912 915 910
f 916 352 351 361
f 916 361 638 917
f 918 901 900 919
f 920 901 918 917
f 921 919 900 902
f 922 919 921 1
f 918 919 922
f 916 4 3 352
f 920 923 639 901
f 924 917 638 637
f 924 923 920 917
f 379 924 637 360
f 640 639 923 924
f 922 917 918
f 925 926 927 928
f 927 926 929 930
f 930 929 931 932
f 932 931 933 934
f 934 933 935 936
f 72 931 929 73
f 71 935 933 72
f 72 933 931
f 82 81 937 938
f 90 82 938 939
f 937 81 91
f 937 91 92 940
f 90 939 941
f 73 929 926 110
f 940 92 130 136
f 926 925 184 110
f 939 934 936 941
f 938 932 934 939
f 937 930 932 938
f 940 927 930 937
f 115 94 93 271
f 115 269 942 943
f 943 944 945 946
f 947 948 949 950
f 951 952 946 953
f 952 951 950 949
f 954 53 94
f 174 151 955 956
f 957 958 185
f 950 182 947
f 959 947 182 184
f 181 960 957 185
f 960 181 174 956
f 182 950 951 183
f 955 151 53 954
f 135 961 928 136
f 962 963 64 63
f 925 928 964 184
f 135 138 965 961
f 928 927 940 136
f 949 948 957 960
f 956 952 949 960
f 946 952 956 955
f 954 943 946 955
f 94 115 943 954
f 128 127 965 966
f 125 128 966 967
f 126 125 967 968
f 179 126 968 969
f 180 179 969 970
f 188 180 970 971
f 963 965 127 64
f 966 965 138 211
f 967 966 211 121
f 968 967 121 120
f 969 968 120 177
f 970 969 177 176
f 971 970 176 187
f 281 280 156 155
f 283 284 158 157
f 171 283 157 172
f 280 282 173 156
f 282 171 172 173
f 972 973 974 975
f 975 976 977 972
f 978 979 980 981
f 981 703 978
f 696 695 703 981
f 661 660 973 972
f 979 978 975 974
f 978 703 976 975
f 703 700 977 976
f 700 661 972 977
f 452 982 479 478
f 424 423 445 983
f 456 984 983 445
f 479 984 449 448
f 450 424 983 985
f 449 984 456
f 95 56 986 309
f 56 55 987 986
f 309 986 988
f 989 987 55 161
f 990 991 987 989
f 164 163 991 990
f 985 991 163 450
f 992 982 988
f 982 452 309 988
f 992 986 987 991
f 992 991 985
f 982 992 984 479
f 985 983 984 992
f 986 992 988
f 264 113 114
f 264 993 994 995
f 996 995 997 998
f 995 996 999 1000
f 1000 999 1001 1002
f 1002 1001 944 943
f 998 997 946 945
f 1003 1004 268
f 268 1004 1005
f 183 1006 994 111
f 111 994 993 112
f 112 993 264 114
f 1003 268 117 264
f 268 1005 942 269
f 953 1006 183 951
f 1001 999 998 945
f 944 1001 945
f 1003 1007 1004
f 999 996 998
f 1003 264 995 1007
f 995 994 1006 997
f 946 997 1006 953
f 1005 1002 943 942
f 1004 1000 1002 1005
f 1007 995 1000 1004
f 51 487 482 52
f 1008 170 123
f 141 144 170 1008
f 141 1008 1009
f 191 1010 1011
f 1008 123 210 1012
f 210 217 218 1012
f 1011 194 191
f 223 1011 1012 218
f 194 1011 223
f 1013 1014 1015 1016
f 1010 1013 1016 1009
f 153 142 1016 1015
f 141 1009 1016 142
f 190 506 1013 1010
f 506 505 1014 1013
f 191 190 1010
f 1009 1011 1010
f 1011 1009 1008 1012
f 372 367 341 343
f 1017 948 947 959
f 959 184 964 1017
f 1018 962 63 185
f 958 1017 1018 185
f 958 957 948 1017
f 186 281 155
f 284 154 158
f 916 917 922 4
f 1 4 922
f 1019 1020 1021 1022
f 1022 1021 1023 1024
f 1024 1023 1025 1026
f 1026 1025 771 1027
f 696 1028 1029 749
f 980 1030 1031 981
f 981 1031 1028 696
f 1025 1023 707 715
f 708 707 1023
f 708 1023 1021
f 1021 1020 732 731
f 714 708 1021 731
f 755 749 1029
f 768 755 1029 770
f 1025 715 769 771
f 1029 1026 1027 770
f 1028 1024 1026 1029
f 1031 1022 1024 1028
f 1030 1019 1022 1031
f 771 770 1027
f 1 1032 1033 2
f 1034 1035 1036 1037
f 1038 1039 1037 1040
f 1041 1042 1043 1044
f 1045 1046 1047 1048
f 1049 1050 1051 1052
f 1050 1053 1054 1051
f 1055 1056 1057 1058
f 1059 1060 1056 1055
f 1046 1061 1062 1047
f 1063 1064 36 35
f 36 1064 1065 38
f 38 1065 1066 40
f 1067 1068 44 43
f 1069 1070 1071 1072
f 1056 1073 1074 1057
f 1060 1075 1073 1056
f 1076 1077 1078 1079
f 1080 1081 1082
f 1053 1045 1048 1083
f 1061 1084 1062
f 1085 1086 1087 1088
f 1067 1089 1068
f 67 1090 1091 68
f 68 1091 1092 71
f 1091 1093 1094 1092
f 1090 1095 1093 1091
f 1096 79 78 1097
f 1098 1099 1100 1101
f 1098 1102 1103 1104
f 87 89 1099 1105
f 1100 1099 89 90
f 1102 1098 1101 1106
f 1099 1098 1104 1105
f 1107 1102 1106
f 1108 1109 1110 1111
f 1112 1109 1108 1113
f 1114 1115 1116 1117
f 1118 1114 1117 1119
f 1118 1119 1044 1043
f 1077 1076 1111 1110
f 1115 1112 1113 1120
f 1121 1122 1066 1065
f 1123 1121 1065 1064
f 1123 1064 1063 1124
f 1093 1125 1126 1094
f 1095 1127 1125 1093
f 1128 1129 1089 1067
f 1130 1131 1132
f 1121 1117 1133 1122
f 1123 1119 1117 1121
f 1124 1044 1119 1123
f 1134 1135 1136 1137
f 1138 1135 1134 1139
f 1086 1085 1140 1141
f 1087 1086 1142 1143
f 1144 1102 1107 1145
f 1146 1147 1148 1149
f 1145 1150 1151
f 1102 1144 1152 1103
f 1147 1146 1151 1153
f 1146 1144 1145 1151
f 1149 1152 1144 1146
f 1086 1141 1142
f 1154 1148 1147 1155
f 1081 1080 1139 1134
f 1156 1157 1158 1159
f 1105 1160 145 87
f 1103 1161 1162 1104
f 1104 1162 1160 1105
f 1149 1163 1164 1152
f 1165 1076 1079 1166
f 1158 1167 1168 1159
f 1169 1170 1171 1172
f 1079 1173 1174 1166
f 1078 1175 1173 1079
f 1176 1177 1178 1179
f 1180 1181 1177 1176
f 1182 1181 1180 1183
f 1184 1138 1139
f 1185 1157 1184
f 1186 1187 1172 1171
f 1164 1161 1103 1152
f 1165 1166 1188 1189
f 1082 1081 1190 1191
f 1192 1193 1194 1195
f 1196 1126 1125 1197
f 1198 1126 1196
f 1081 1134 1137 1190
f 1085 1192 1195 1140
f 1199 1192 1085 1088
f 1200 1082 1191 1201
f 1188 1202 1203 1194
f 1174 1202 1188 1166
f 1193 1189 1188 1194
f 1204 1205 1206 1207
f 1207 1208 1209 1210
f 1206 1208 1207
f 1163 1211 1212 1164
f 1213 1214 1215 1216
f 1213 1164 1212 1214
f 1217 1218 1219 1209
f 1208 1217 1209
f 1154 1220 1221 1148
f 1220 1222 1223 1221
f 1138 1224 1220 1154
f 1221 1163 1149 1148
f 1163 1221 1223 1211
f 1225 1155 1147 1153
f 1135 1138 1154 1155
f 1135 1155 1225 1136
f 1226 1220 1224
f 1227 1228 1229 1230
f 1230 1226 1231 1227
f 1232 1233 1227 1231
f 1233 1234 1228 1227
f 1230 1222 1220 1226
f 1226 1224 1231
f 1235 1236 1210 1237
f 1237 1238 1234 1235
f 1232 1236 1235 1233
f 1235 1234 1233
f 1219 1237 1210 1209
f 1229 1228 1234 1238
f 1239 1240 1241 1242
f 1096 1243 229 79
f 1242 1241 1244 1205
f 1205 1244 1245 1206
f 1206 1245 1246 1208
f 1208 1246 1247 1217
f 1160 1248 235 145
f 1161 1249 1250 1162
f 1162 1250 1248 1160
f 78 240 1251 1097
f 1164 1252 1249 1161
f 1213 1253 1252 1164
f 1248 1251 240 235
f 1211 1254 1212
f 1214 1255 1215
f 1215 1255 1256
f 1254 1255 1214 1212
f 1255 1257 1258 1256
f 1259 1260 1219 1218
f 1257 1259 1218 1258
f 1261 1260 1259 1262
f 1222 1261 1262 1223
f 1262 1254 1211 1223
f 1255 1254 1262
f 1229 1238 1260 1261
f 1261 1222 1230 1229
f 1260 1238 1237 1219
f 1262 1259 1257
f 1257 1255 1262
f 1263 1096 1097 1264
f 1265 1263 1264 1266
f 1256 1267 1216 1215
f 1256 1258 1268 1267
f 1217 1268 1258 1218
f 1269 1270 1263 1265
f 1263 1270 1243 1096
f 1217 1247 1271 1268
f 1251 1272 1264 1097
f 1266 1264 1272 1273
f 1273 1274 1216 1267
f 1274 1253 1213 1216
f 1250 1272 1251 1248
f 1274 1273 1272
f 1249 1252 1272
f 1250 1249 1272
f 1252 1253 1272
f 1253 1274 1272
f 1265 1268 1271 1269
f 1266 1267 1268 1265
f 1273 1267 1266
f 1131 1275 1128 1132
f 1117 1116 1133
f 1115 1120 1116
f 67 44 1068 1090
f 1066 1276 265 40
f 1090 1068 1089 1095
f 1122 1277 1276 1066
f 1095 1089 1129 1127
f 1278 1131 1130 1279
f 1108 1280 1281 1113
f 1120 1282 1283 1116
f 1116 1283 1284 1133
f 1113 1281 1282 1120
f 1133 1284 1277 1122
f 1132 1285 1286 1130
f 1130 1286 1280
f 1128 1287 1285 1132
f 1067 1288 1287 1128
f 43 279 1288 1067
f 1193 1192 1199
f 1082 1200 1289 1290
f 1291 1080 1082 1290
f 1080 1291 1139
f 1157 1185 1292 1158
f 1293 1167 1158 1292
f 1291 1185 1184 1139
f 1294 1295 1049 1052
f 1296 1297 1298 1299
f 1297 1296 1300
f 1035 1301 1302 1036
f 1303 1304 1054 1083
f 1053 1083 1054
f 1301 1305 1302
f 1038 1040 1306
f 1061 1038 1306 1084
f 1084 1306 1305 1300
f 1301 1297 1300 1305
f 1042 1041 1307
f 1308 1309 1310
f 1308 1310 1311 1043
f 1114 1312 1313 1115
f 1109 1314 1315 1110
f 1112 1316 1314 1109
f 1118 1317 1312 1114
f 1115 1313 1316 1112
f 1110 1315 1318 1319
f 1055 1320 1321 1059
f 1043 1311 1317 1118
f 1039 1034 1037
f 1322 1323 1324 1325
f 1326 1037 1036 1327
f 1322 1035 1034 1328
f 1329 1040 1037 1326
f 1310 1039 1038 1311
f 1330 1048 1047 1331
f 1312 1046 1045 1313
f 1332 1052 1051 1333
f 1314 1050 1049 1315
f 1333 1051 1054 1334
f 1316 1053 1050 1314
f 1331 1047 1062 1335
f 1317 1061 1046 1312
f 1336 1083 1048 1330
f 1313 1045 1053 1316
f 1335 1062 1084 1337
f 1338 1294 1052 1332
f 1315 1049 1295 1318
f 1339 1304 1294 1338
f 1340 1341 1303 1342
f 1343 1299 1341 1340
f 1344 1296 1299 1343
f 1320 1298 1297 1321
f 1345 1300 1296 1344
f 1327 1036 1302 1346
f 1342 1303 1083 1336
f 1334 1054 1304 1339
f 1346 1302 1305 1347
f 1348 1306 1040 1329
f 1311 1038 1061 1317
f 1337 1084 1300 1345
f 1347 1305 1306 1348
f 1321 1297 1301 1349
f 1328 1034 1039 1310
f 1042 1308 1043
f 1309 1308 1042 1307
f 1350 1351 1309
f 1350 1352 1351
f 1352 1353 1351
f 1354 1355 1356 1357
f 1355 350 349 1356
f 1355 1063 35 350
f 1354 1041 1044 1124
f 1355 1354 1124 1063
f 1358 1359 1360 1361
f 1359 356 355 1360
f 355 2 1033 1360
f 1360 1033 1361
f 1359 1362 357 356
f 1359 1363 1362
f 1359 1358 1363
f 1364 1365 1358 1366
f 1358 1365 1367 1363
f 1041 1368 1369 1307
f 1307 1369 1350 1309
f 1368 1041 1354
f 1357 1370 1368 1354
f 1350 1369 1368 1370
f 1370 1371 1372 1350
f 1363 1367 1370 1357
f 1356 1362 1363 1357
f 349 357 1362 1356
f 1373 1374 1375 1376
f 1374 1372 1377 1375
f 1372 1371 1378 1377
f 1379 1376 1375 1380
f 1367 1365 1381 1370
f 1375 1377 1382 1380
f 1377 1378 1381 1382
f 1378 1371 1370 1381
f 1365 1364 1383 1381
f 1384 1069 1072 1385
f 1386 1387 1388 1389
f 1390 1391 1392 1379
f 1392 1393 1379
f 1394 1395 1396 1397
f 1398 1394 1397 1399
f 1400 1401 1402
f 1352 1374 1373 1401
f 1353 1352 1401
f 1401 1400 1353
f 1401 1373 1376 1379
f 1403 1399 1397
f 1401 1379 1393
f 1403 1397 1396 1404
f 1405 1406 1402
f 1301 1035 1322 1407
f 1408 1349 1409 1410
f 1410 1411 1412 1408
f 1411 1413 1414 1412
f 1413 1415 1416 1414
f 1417 1418 1419 1420
f 1415 1421 1422 1416
f 1423 1424 1425 1426
f 1426 1427 1428 1423
f 1424 1429 1430 1425
f 1421 1431 1432 1422
f 1433 1434 1435 1436
f 1433 1430 1429 1437
f 1433 1438 1439 1440
f 1441 1442 1443 1444
f 1445 1439 1438 1446
f 1434 1443 1442 1435
f 1418 1447 1448 1419
f 1072 1071 1428 1449
f 1450 1451 1180 1176
f 1071 1424 1423
f 1057 1074 1452 1453
f 1412 1060 1059 1408
f 1414 1075 1060 1412
f 1454 1450 1176 1179
f 1071 1423 1428
f 1451 1455 1183 1180
f 1071 1429 1424
f 1319 1318 1456 1457
f 1458 1407 1322
f 1059 1321 1349 1408
f 1322 1325 1459 1458
f 1385 1072 1449 1460
f 1432 1070 1069 1461
f 1432 1461 1422
f 1462 1463 1464 1465
f 1445 1182 1183 1439
f 1455 1440 1439 1183
f 1071 1466 1437 1429
f 1070 1467 1466 1071
f 1432 1468 1467 1070
f 1469 1470 1395
f 1396 1395 1471 1472
f 1470 1473 1471 1395
f 1396 1472 1420 1404
f 1469 1398 1474
f 1395 1394 1398 1469
f 1325 1402 1459
f 1418 1417 1475 1406
f 1406 1475 1459 1402
f 1447 1418 1406 1405
f 1419 1404 1420
f 1404 1419 1448 1403
f 1301 1409 1349
f 1450 1454 1427 1426
f 1425 1451 1450 1426
f 1430 1455 1451 1425
f 1440 1455 1430 1433
f 1446 1438 1476 1477
f 1436 1476 1438 1433
f 1444 1443 1467 1468
f 1466 1467 1443 1434
f 1437 1466 1434 1433
f 1304 1478 1295 1294
f 1479 1478 1303 1341
f 1298 1479 1341 1299
f 1478 1304 1303
f 1480 1320 1055 1058
f 1295 1478 1456 1318
f 1479 1298 1320 1480
f 1479 1480 1481 1478
f 1482 1483 1453 1484
f 1482 1485 1481 1483
f 1057 1453 1483 1058
f 1481 1480 1058 1483
f 1485 1456 1478
f 1456 1485 1482 1457
f 1478 1481 1485
f 1475 1417 1415 1413
f 1459 1475 1413 1411
f 1458 1459 1411 1410
f 1409 1407 1458 1410
f 1472 1471 1431 1421
f 1420 1472 1421 1415
f 1301 1407 1409
f 1417 1420 1415
f 1431 1444 1468 1432
f 1444 1473 1441
f 1473 1444 1431 1471
f 1486 1487 1488 1489
f 1490 1491 1486 1489
f 1487 1492 1493 1488
f 1494 1495 1496 1497
f 1497 1498 1499 1494
f 1498 1493 1492 1499
f 1490 1496 1495 1491
f 1487 1486 1075 1414
f 1500 1501 1502 1503
f 1422 1499 1492
f 1494 1461 1069 1495
f 1491 1495 1069 1384
f 1504 1505 1506
f 1461 1494 1499 1422
f 1416 1487 1414
f 1487 1416 1492
f 1416 1422 1492
f 1489 1488 1504 1500
f 1493 1505 1504 1488
f 1506 1505 1493 1498
f 1507 1506 1498 1497
f 1496 1508 1507 1497
f 1503 1508 1496 1490
f 1500 1503 1490 1489
f 1073 1491 1384
f 1073 1384 1385 1074
f 1074 1385 1460 1452
f 1239 1242 1509 1510
f 1205 1204 1509 1242
f 1511 1512 1513 1514
f 1514 1515 1516 1517
f 1515 1518 1519 1516
f 1518 1520 1521 1519
f 1522 1513 1512 1523
f 1524 1525 1526 1527
f 1511 1528 1529 1512
f 1530 1523 1512 1529
f 1531 1389 1388 1532
f 1533 1534 1527 1526
f 1535 1536 1477 1476
f 1436 1537 1535 1476
f 1435 1538 1537 1436
f 1442 1539 1538 1435
f 1441 1540 1539 1442
f 1541 1532 1525 1524
f 1539 1540 1520 1518
f 1538 1539 1518 1515
f 1537 1538 1515 1514
f 1513 1535 1537 1514
f 1536 1535 1513 1522
f 1542 1530 1529 1543
f 1528 1544 1543 1529
f 1517 1545 1546
f 1547 1548 1549 1545
f 1550 1551 1542 1543
f 1544 1552 1550 1543
f 1553 1554 1555 1556
f 1557 1558 1554 1553
f 1514 1517 1511
f 1559 1528 1511 1517
f 1556 1544 1528 1559
f 1473 1470 1560 1441
f 1560 1470 1469 1561
f 1469 1474 1562 1561
f 1561 1562 1563 1564
f 1565 1566 1567 1568
f 1524 1527 1567 1566
f 1569 1521 1520 1570
f 1568 1567 1571 1572
f 1567 1527 1571
f 1548 1547 1573 1574
f 1575 1540 1441
f 1576 1577 1560 1561
f 1564 1578 1579
f 1441 1560 1577 1575
f 1541 1524 1579
f 1577 1576 1566 1565
f 1540 1575 1570 1520
f 1580 1558 1557 1581
f 1572 1571 1582 1583
f 1527 1534 1582 1571
f 1565 1570 1575 1577
f 1568 1569 1570 1565
f 1572 1574 1573
f 1583 1580 1581 1572
f 1572 1573 1569 1568
f 1573 1521 1569
f 1547 1519 1521 1573
f 1519 1547 1545 1516
f 1584 1585 1586 1587
f 1517 1516 1545
f 1549 1553 1588 1589
f 1548 1557 1553 1549
f 1581 1557 1548 1574
f 1572 1581 1574
f 1555 1552 1544 1556
f 1559 1517 1546 1590
f 1588 1556 1559 1590
f 1553 1556 1588
f 1545 1549 1589 1546
f 1546 1584 1587 1590
f 1590 1587 1586 1588
f 1588 1586 1585 1589
f 1589 1585 1584 1546
f 1591 1592 1593 1594
f 1464 1463 1591 1595
f 1596 1597 1563 1562
f 1591 1594 1595
f 1541 1531 1532
f 1576 1561 1564 1579
f 1531 1541 1579 1578
f 1524 1566 1576 1579
f 1564 1594 1593 1578
f 1578 1593 1592 1531
f 1531 1592 1591 1389
f 1597 1464 1595 1563
f 1389 1591 1463 1386
f 1563 1595 1594 1564
f 1598 1599 1596 1600
f 1600 1398 1598
f 1599 1601 1597 1596
f 1462 1465 1601 1602
f 1465 1464 1597 1601
f 1386 1463 1462 1602
f 1602 1603 1387 1386
f 1603 1602 1604 1605
f 1599 1606 1604
f 1604 1602 1601 1599
f 1474 1600 1596 1562
f 1398 1600 1474
f 1500 1504 1607 1501
f 1508 1503 1502 1608
f 1609 1610 1611 1612
f 1613 1610 1609 1614
f 1615 1507 1508 1608
f 1506 1507 1615 1616
f 1504 1506 1616 1607
f 1501 1609 1612 1502
f 1502 1612 1611 1608
f 1608 1611 1610 1615
f 1616 1613 1614 1607
f 1607 1614 1609 1501
f 1615 1610 1613 1616
f 1617 1618 1619 1620
f 1392 1391 1621 1622
f 1618 1623 1624 1619
f 1620 1619 1625 1626
f 1622 1627 1393 1392
f 1628 1625 1619 1624
f 1405 1402 1401 1629
f 1627 1629 1401 1393
f 1625 1628 1630 1631
f 1632 1631 1633
f 1626 1625 1631 1632
f 1405 1629 1633 1447
f 1634 1635 1631 1630
f 1598 1636 1606 1599
f 1635 1636 1633 1631
f 1447 1633 1636 1448
f 1598 1398 1399 1636
f 1636 1399 1403 1448
f 1606 1636 1635 1604
f 1605 1604 1635 1634
f 1620 1622 1621 1617
f 1626 1627 1622 1620
f 1632 1629 1627 1626
f 1633 1629 1632
f 633 636 1637 1638
f 1366 1639 1640 1364
f 1641 1642 1643 1644
f 1645 1646 1647 1648
f 1642 1649 1650 1643
f 1651 1391 1390 1652
f 1651 1652 1650 1653
f 1654 1655 1638 1656
f 1638 1655 1657 1658
f 633 1638 1658 657
f 1659 1660 1661 1662
f 1663 1664 1665 1655
f 1666 1667 1665 1668
f 1667 1657 1655 1665
f 1669 1670 1671 1672
f 672 673 1672 1671
f 1673 1674 1675
f 1676 1677 1678 1679
f 1680 1681 1682 1683
f 1684 1621 1391 1651
f 1685 1686 1618 1617
f 1687 1623 1618 1686
f 1688 1689 1686 1685
f 1651 1653 1690 1684
f 1659 1662 1689
f 1662 1687 1686 1689
f 1691 1690 1653 1692
f 1693 1689 1688
f 1694 1695 1696 1697
f 1698 1689 1693
f 1660 1659 1699 1700
f 1701 1694 1699
f 1699 1659 1689 1698
f 1688 1690 1691 1693
f 1685 1684 1690 1688
f 1617 1621 1684 1685
f 1702 1700 1699 1694
f 1680 1703 1704 1681
f 1705 1706 1707
f 1708 1709 1710 1705
f 1711 1712 1705 1710
f 1706 1705 1712 1713
f 1705 1707 1714 1708
f 1715 1716 1717 1718
f 1719 1713 1712
f 1720 1719 1712 1711
f 1715 1721 1722 1716
f 1715 1723 1721
f 1723 1724 1721
f 1725 1726 1727 1728
f 1721 1724 1729 1722
f 1728 1727 1730 1731
f 1729 1724 1719 1720
f 1728 1731 1713 1719
f 1724 1723 1725
f 1725 1728 1719 1724
f 1668 1665 1664 1732
f 1733 1734 1735
f 1736 1737 1738 1739
f 1740 1675 1674 1741
f 1742 1740 1741 1743
f 1744 1745 1746 1747
f 1697 1696 1748
f 1749 1744 1747 1750
f 1751 1736 1739 1752
f 1679 1749 1750 1753
f 1754 1676 1679 1753
f 1703 1755 1756 1704
f 1755 1757 1758 1756
f 1714 1758 1708
f 1757 1709 1708 1758
f 1638 1637 1759
f 1638 1759 1656
f 1759 1674 1673 1656
f 1656 1673 1760 1654
f 1761 1762 1664 1663
f 1664 1762 1763 1732
f 1681 1738 1734 1682
f 1696 1676 1754 1748
f 1741 1764 1735 1743
f 1681 1704 1739 1738
f 1737 1736 1747 1746
f 1704 1756 1752 1739
f 1747 1736 1751 1750
f 1765 1751 1752 1766
f 1766 1767 1768 1765
f 1714 1767 1766 1758
f 1756 1758 1766 1752
f 1751 1765 1753 1750
f 1765 1768 1754 1753
f 1767 1769 1770 1768
f 1737 1735 1734 1738
f 1743 1735 1737 1746
f 1745 1742 1743 1746
f 1654 1760 1761 1663
f 1654 1663 1655
f 1771 1772 1773 1774
f 1772 1733 1775 1773
f 1683 1682 1772 1771
f 1759 1637 1774 1773
f 1741 1674 1759 1773
f 1772 1682 1734 1733
f 1773 1775 1764 1741
f 1764 1775 1735
f 1775 1733 1735
f 1647 1670 1669 1648
f 1671 1776 777 672
f 1670 1777 1776 1671
f 1647 1778 1777 1670
f 1757 1779 1780 1709
f 1710 1781 1782 1711
f 1722 1783 1784 1716
f 1720 1785 1729
f 1683 1786 1787 1680
f 1771 1788 1786 1683
f 1774 1789 1788 1771
f 1710 1709 1780 1781
f 1717 1716 1784 1790
f 1720 1711 1782 1785
f 1722 1729 1785 1783
f 1669 1791 1792 1648
f 1648 1792 1793 1645
f 1672 1794 1791 1669
f 673 797 1794 1672
f 1791 1795 1796 1792
f 1792 1796 1797 1793
f 1794 1798 1795 1791
f 797 802 1798 1794
f 1795 1799 1800 1796
f 1796 1800 1801 1797
f 1798 1802 1799 1795
f 802 807 1802 1798
f 807 809 1803 1802
f 1799 1804 1805 1800
f 1800 1805 1806 1801
f 1802 1803 1804 1799
f 1807 1804 1803
f 1807 1808 1805 1804
f 1808 1806 1805
f 1809 1810 1811 1812
f 1810 1813 1814 1811
f 1813 1815 1816 1814
f 1815 1817 1818 1816
f 1817 1808 1818
f 1812 1811 1819 1718
f 1645 1793 1810 1809
f 1811 1814 1820 1819
f 1793 1797 1813 1810
f 1814 1816 1821 1820
f 1797 1801 1815 1813
f 1816 1818 1822 1821
f 1801 1806 1817 1815
f 1806 1808 1817
f 1818 1808 1822
f 1823 830 1789
f 830 777 1776 1789
f 1789 1776 1788
f 1788 1776 1777 1786
f 1786 1777 1778 1787
f 1824 1755 1703 1825
f 1824 1779 1757 1755
f 1646 1826 1778 1647
f 1827 1828 1829 1830
f 1809 1812 1827 1830
f 1646 1645 1809 1830
f 1717 1827 1812 1718
f 1830 1829 1826 1646
f 1717 1790 1828 1827
f 1824 1825 1826 1829
f 1829 1779 1824
f 1828 1780 1779 1829
f 1784 1780 1828 1790
f 1783 1781 1780 1784
f 1783 1785 1782 1781
f 1749 1679 1678 1831
f 1744 1749 1831 1832
f 1745 1744 1832 1833
f 1834 1742 1745 1833
f 1742 1834 1835 1740
f 1836 1675 1740 1835
f 1673 1675 1836 1837
f 1838 1760 1673 1837
f 1761 1760 1838 1839
f 1762 1761 1839 1840
f 1763 1762 1840 1841
f 1787 1778 1826 1825
f 1787 1825 1703 1680
f 849 1807 1842 850
f 1843 1844 1845 1846
f 1847 857 850 1842
f 1807 1846 1845
f 1845 1844 1847 1842
f 1845 1842 1807
f 809 859 1848 1803
f 1803 1849 1850 1807
f 862 1851 1848 859
f 1852 1853 1850 1849
f 862 857 1847
f 1852 1851 862
f 1844 1843 862
f 1851 1852 1849 1848
f 1853 1843 1846 1850
f 1849 1803 1848
f 1850 1846 1807
f 1853 862 1843
f 862 1847 1844
f 862 1853 1852
f 866 869 1854 1855
f 1856 1857 1855 1854
f 1858 1859 1860 1861
f 1862 1863 1856 1854
f 1860 1859 1864 1865
f 1862 1854 869
f 1855 1857 1858 1861
f 1855 1861 866
f 866 1866 1637 636
f 1637 1866 1867 1774
f 830 1823 1867 869
f 1867 1823 1789 1774
f 1861 1860 1866 866
f 1867 1868 1862 869
f 1864 1869 1870 1865
f 1863 1862 1868 1871
f 1860 1865 1866
f 1866 1865 1870
f 1869 1871 1868 1870
f 1867 1866 1870
f 1864 1859 1871 1869
f 1870 1868 1867
f 1859 1858 1863 1871
f 1858 1857 1856 1863
f 1872 1873 1874 1875
f 1875 1876 1877 1872
f 1876 893 892 1877
f 1873 1878 1879 1874
f 1878 1880 1881 1692
f 1878 1650 1649 1879
f 1658 1882 898 657
f 1875 1883 1884 1876
f 902 893 1876 1884
f 1657 1885 1882 1658
f 1667 1886 1885 1657
f 1886 1667 1666 1887
f 1642 1641 1874
f 1874 1641 1883 1875
f 1874 1879 1649 1642
f 1701 1699 1698 1881
f 1881 1691 1692
f 1666 1888 1887
f 1889 1888 1666 1668
f 1881 1698 1693 1691
f 1889 1668 1732
f 1732 1763 1890 1889
f 1887 1888 1880 1878
f 1886 1887 1878 1873
f 1885 1886 1873 1872
f 1877 1882 1885 1872
f 892 898 1882 1877
f 1692 1653 1650 1878
f 1891 1676 1696 1695
f 1892 1893 1894 1891
f 1891 1894 1677 1676
f 1890 1763 1841 1893
f 1880 1895 1896 1881
f 1897 1892 1896 1895
f 1701 1896 1695 1694
f 1701 1881 1896
f 1892 1891 1695 1896
f 1897 1890 1893
f 1890 1897 1895 1889
f 1889 1895 1880 1888
f 1893 1892 1897
f 1898 1366 1358 1361
f 1898 1899 1639 1366
f 1900 1901 1884 1883
f 1902 1899 1900 1883
f 921 902 1884 1901
f 1903 1 921 1901
f 1900 1903 1901
f 1898 1361 1033 1032
f 1902 1883 1641 1904
f 1905 1640 1639 1899
f 1905 1899 1902 1904
f 1383 1364 1640 1905
f 1644 1905 1904 1641
f 1903 1900 1899
f 1906 1907 1908 1909
f 1908 1910 1911 1909
f 1910 1912 1913 1911
f 1912 1914 1915 1913
f 1914 936 935 1915
f 1092 1094 1911 1913
f 71 1092 1915 935
f 1092 1913 1915
f 1100 1916 1917 1101
f 90 1918 1916 1100
f 1917 1106 1101
f 1917 1919 1107 1106
f 90 941 1918
f 1094 1126 1909 1911
f 1919 1150 1145 1107
f 1909 1126 1198 1906
f 1918 941 936 1914
f 1916 1918 1914 1912
f 1917 1916 1912 1910
f 1919 1917 1910 1908
f 1130 1280 1108 1111
f 1130 1920 1921 1279
f 1920 1922 1923 1924
f 1925 1926 1927 1928
f 1929 1930 1922 1931
f 1931 1927 1926 1929
f 1932 1111 1076
f 1189 1933 1934 1165
f 1935 1199 1936
f 1926 1925 1196
f 1937 1198 1196 1925
f 1193 1199 1935 1938
f 1938 1933 1189 1193
f 1196 1197 1929 1926
f 1934 1932 1076 1165
f 1151 1150 1907 1939
f 1940 1088 1087 1941
f 1906 1198 1942 1907
f 1151 1939 1943 1153
f 1907 1150 1919 1908
f 1927 1938 1935 1928
f 1933 1938 1927 1931
f 1922 1934 1933 1931
f 1932 1934 1922 1920
f 1111 1932 1920 1130
f 1142 1944 1943 1143
f 1141 1945 1944 1142
f 1140 1946 1945 1141
f 1195 1947 1946 1140
f 1194 1948 1947 1195
f 1203 1949 1948 1194
f 1941 1087 1143 1943
f 1944 1225 1153 1943
f 1945 1136 1225 1944
f 1946 1137 1136 1945
f 1947 1190 1137 1946
f 1948 1191 1190 1947
f 1949 1201 1191 1948
f 1289 1169 1172 1290
f 1292 1171 1170 1293
f 1185 1186 1171 1292
f 1290 1172 1187 1291
f 1291 1187 1186 1185
f 1950 1951 1952 1953
f 1951 1950 1954 1955
f 1956 1957 1958 1959
f 1957 1956 1702
f 1697 1957 1702 1694
f 1660 1950 1953 1661
f 1959 1952 1951 1956
f 1956 1951 1955 1702
f 1702 1955 1954 1700
f 1700 1954 1950 1660
f 1457 1482 1484 1960
f 1427 1961 1449 1428
f 1460 1449 1961 1962
f 1484 1453 1452 1962
f 1454 1963 1961 1427
f 1452 1460 1962
f 1110 1319 1964 1077
f 1077 1964 1965 1078
f 1319 1966 1964
f 1967 1175 1078 1965
f 1968 1967 1965 1969
f 1178 1968 1969 1179
f 1963 1454 1179 1969
f 1970 1966 1960
f 1960 1966 1319 1457
f 1970 1969 1965 1964
f 1970 1963 1969
f 1960 1484 1962 1970
f 1963 1970 1962 1961
f 1964 1966 1970
f 1275 1129 1128
f 1275 1971 1972 1973
f 1974 1975 1976 1971
f 1971 1977 1978 1974
f 1977 1979 1980 1978
f 1979 1920 1924 1980
f 1975 1923 1922 1976
f 1981 1278 1982
f 1278 1983 1982
f 1197 1125 1972 1984
f 1125 1127 1973 1972
f 1127 1129 1275 1973
f 1981 1275 1131 1278
f 1278 1279 1921 1983
f 1930 1929 1197 1984
f 1980 1923 1975 1978
f 1924 1923 1980
f 1981 1982 1985
f 1978 1975 1974
f 1981 1985 1971 1275
f 1971 1976 1984 1972
f 1922 1930 1984 1976
f 1983 1921 1920 1979
f 1982 1983 1979 1977
f 1985 1982 1977 1971
f 1073 1075 1486 1491
f 1986 1138 1184
f 1156 1986 1184 1157
f 1156 1987 1986
f 1207 1988 1989
f 1986 1990 1224 1138
f 1224 1990 1232 1231
f 1988 1207 1210
f 1236 1232 1990 1988
f 1210 1236 1988
f 1991 1992 1993 1994
f 1989 1987 1992 1991
f 1168 1993 1992 1159
f 1156 1159 1992 1987
f 1204 1989 1991 1509
f 1509 1991 1994 1510
f 1207 1989 1204
f 1987 1989 1988
f 1988 1990 1986 1987
f 1374 1352 1350 1372
f 1995 1937 1925 1928
f 1937 1995 1942 1198
f 1996 1199 1088 1940
f 1936 1199 1996 1995
f 1936 1995 1928 1935
f 1200 1169 1289
f 1293 1170 1167
f 1898 1032 1903 1899
f 1 1903 1032
f 1997 1998 1999 2000
f 1998 2001 2002 1999
f 2001 2003 2004 2002
f 2003 2005 1769 2004
f 1697 1748 2006 2007
f 1958 1957 2008 2009
f 1957 1697 2007 2008
f 2004 1714 1707 2002
f 1706 2002 1707
f 1706 1999 2002
f 1999 1731 1730 2000
f 1713 1731 1999 1706
f 1754 2006 1748
f 1768 1770 2006 1754
f 2004 1769 1767 1714
f 2006 1770 2005 2003
f 2007 2006 2003 2001
f 2008 2007 2001 1998
f 2009 2008 1998 1997
f 1769 2005 1770
f 2010 2011 2012 2013
f 2014 2015 2016 2017
f 2018 2019 2020 2021
f 2022 2018 2021 2023
f 2024 2025 2026 2027
f 2028 2029 2030 2031
f 2032 2033 2012 2011
f 2034 2035 2032 2036
f 2037 2038 2039 2040
f 2041 2028 2031 2042
f 2043 2044 2045 2035
f 2046 2043 2035 2034
f 2047 2048 2038 2037
f 2015 2041 2042 2016
f 2021 2020 2044 2043
f 2023 2021 2043 2046
f 2027 2026 2048 2047
f 2032 2011 2010 2036
f 2029 2049 2050 2030
f 2051 2052 2015 2014
f 2052 2053 2041 2015
f 2053 2054 2028 2041
f 2054 2055 2029 2028
f 2055 2056 2049 2029
f 2057 2010 2013 2058
f 2036 2010 2057 2039
f 2038 2034 2036 2039
f 2048 2046 2034 2038
f 2026 2023 2046 2048
f 2025 2022 2023 2026
f 2040 2039 2057 2058
f 2035 2045 2033 2032
f 2019 2017 2016 2020
f 2044 2020 2016 2042
f 2045 2044 2042 2031
f 2033 2045 2031 2030
f 2012 2033 2030 2050
f 2013 2012 2050 2049
f 2058 2013 2049 2056
f 2055 2040 2058 2056
f 2054 2037 2040 2055
f 2053 2047 2037 2054
f 2052 2027 2047 2053
f 2051 2024 2027 2052
f 2059 2060 2061 2062
f 2014 2017 2063 2064
f 2018 2065 2066 2019
f 2022 2067 2065 2018
f 2024 2068 2069 2025
f 2070 2071 2072 2073
f 2074 2062 2061 2075
f 2076 2077 2074 2078
f 2079 2080 2081 2082
f 2083 2084 2071 2070
f 2085 2078 2086 2087
f 2088 2076 2078 2085
f 2089 2079 2082 2090
f 2064 2063 2084 2083
f 2065 2085 2087 2066
f 2067 2088 2085 2065
f 2068 2089 2090 2069
f 2074 2077 2059 2062
f 2073 2072 2091 2092
f 2051 2014 2064 2093
f 2093 2064 2083 2094
f 2094 2083 2070 2095
f 2095 2070 2073 2096
f 2096 2073 2092 2097
f 2098 2099 2060 2059
f 2077 2081 2098 2059
f 2082 2081 2077 2076
f 2090 2082 2076 2088
f 2069 2090 2088 2067
f 2025 2069 2067 2022
f 2080 2099 2098 2081
f 2078 2074 2075 2086
f 2019 2066 2063 2017
f 2087 2084 2063 2066
f 2086 2071 2084 2087
f 2075 2072 2071 2086
f 2061 2091 2072 2075
f 2060 2092 2091 2061
f 2099 2097 2092 2060
f 2096 2097 2099 2080
f 2095 2096 2080 2079
f 2094 2095 2079 2089
f 2093 2094 2089 2068
f 2051 2093 2068 2024
f 2100 2101 2102 2103
f 2104 2103 2102 2105
f 2106 2107 2108 2109
f 2107 2104 2105 2108
f 2101 2110 2111 2102
f 2105 2102 2111 2112
f 2108 2105 2112 2113
f 2109 2108 2113 2114
f 2115 2116 2117 2118
f 2116 2115 2119 2120
f 2120 2119 2121 2122
f 2122 2121 2123 2124
f 2115 2118 2125 2126
f 2123 2121 2127 2128
f 2119 2115 2126 2129
f 2121 2119 2129 2127
f 2110 2117 2116 2111
f 2112 2111 2116 2120
f 2113 2112 2120 2122
f 2114 2113 2122 2124
f 2100 2103 2130 2131
f 2104 2132 2130 2103
f 2106 2133 2134 2107
f 2107 2134 2132 2104
f 2131 2130 2135 2136
f 2132 2137 2135 2130
f 2134 2138 2137 2132
f 2133 2139 2138 2134
f 2140 2141 2142 2143
f 2143 2144 2145 2140
f 2144 2146 2147 2145
f 2146 2148 2149 2147
f 2140 2150 2151 2141
f 2149 2152 2153 2147
f 2145 2154 2150 2140
f 2147 2153 2154 2145
f 2136 2135 2143 2142
f 2137 2144 2143 2135
f 2138 2146 2144 2137
f 2139 2148 2146 2138
f 2155 2156 2157 2158
f 2159 2160 2161 2162
f 2155 2159 2162 2156
f 2156 2162 2163 2164
f 2157 2156 2164 2165
f 2162 2161 2166 2163
f 2155 2158 2167 2168
f 2159 2169 2170 2160
f 2155 2168 2169 2159
f 2168 2171 2172 2169
f 2167 2173 2171 2168
f 2169 2172 2174 2170
f 2175 2176 2177 2178
f 2175 2179 2180 2176
f 2176 2180 2181 2182
f 2177 2176 2182 2183
f 2175 2178 2184 2185
f 2175 2185 2186 2179
f 2185 2187 2188 2186
f 2184 2189 2187 2185
f 2190 2191 2192 2193
f 2190 2194 2195 2191
f 2191 2195 2196 2197
f 2192 2191 2197 2198
f 2190 2193 2199 2200
f 2190 2200 2201 2194
f 2200 2202 2203 2201
f 2199 2204 2202 2200
f 839 840 2205 2206
f 846 847 2207 2208
f 679 838 2209 2210
f 847 848 2211 2207
f 838 839 2206 2209
f 2212 2205 840 841
f 845 846 2208 2213
f 2210 2214 680 679
f 2215 2214 2210 2216
f 2217 2215 2216
f 2211 2217 2216 2218
f 2207 2211 2218 2219
f 2208 2207 2219 2220
f 2213 2208 2220 2221
f 2222 2223 843 844
f 2213 2222 844 845
f 2221 2223 2222 2213
f 841 842 2224 2212
f 2223 2224 842 843
f 2212 2224 2223 2221
f 2221 2220 2205 2212
f 2206 2205 2220 2219
f 2209 2206 2219 2218
f 2210 2209 2218 2216
f 912 911 2215 2217
f 848 912 2217 2211
f 911 680 2214 2215
f 2225 2226 2227 2228
f 2228 2227 2229 2230
f 2229 2231 2232 2230
f 2231 2226 2225 2232
f 2233 2234 2235 2236
f 2233 2237 2238 2234
f 2236 2235 2239 2240
f 2238 2237 2241 2242
f 2240 2239 2243 2244
f 2228 2244 2243 2225
f 2232 2242 2241 2230
f 2232 2225 2243 2242
f 2238 2242 2243 2239
f 2244 2241 2237 2240
f 2230 2241 2244 2228
f 2240 2237 2233 2236
f 2238 2239 2235 2234
f 2245 2246 2247 2248
f 2246 2249 2250 2247
f 2249 2251 2252 2250
f 2251 2253 2254 2252
f 2253 2255 2256 2254
f 2255 2257 2258 2256
f 2257 2259 2260 2258
f 2259 2261 2262 2260
f 2261 2263 2264 2262
f 2263 2265 2266 2264
f 2265 2267 2268 2266
f 2267 2245 2248 2268
f 2246 2245 2269 2270
f 2249 2246 2270 2271
f 2251 2249 2271 2272
f 2253 2251 2272 2273
f 2255 2253 2273 2274
f 2257 2255 2274 2275
f 2259 2257 2275 2276
f 2261 2259 2276 2277
f 2263 2261 2277 2278
f 2265 2263 2278 2279
f 2267 2265 2279 2280
f 2245 2267 2280 2269
f 2270 2269 2281
f 2271 2270 2281
f 2272 2271 2281
f 2273 2272 2281
f 2274 2273 2281
f 2275 2274 2281
f 2276 2275 2281
f 2277 2276 2281
f 2278 2277 2281
f 2279 2278 2281
f 2280 2279 2281
f 2269 2280 2281
f 2282 2283 2284 2285
f 2283 2286 2287 2284
f 2286 2288 2289 2287
f 2288 2290 2291 2289
f 2290 2292 2293 2291
f 2292 2294 2295 2293
f 2294 2296 2297 2295
f 2296 2298 2299 2297
f 2298 2300 2301 2299
f 2300 2302 2303 2301
f 2302 2304 2305 2303
f 2304 2282 2285 2305
f 2283 2282 2306 2307
f 2286 2283 2307 2308
f 2288 2286 2308 2309
f 2290 2288 2309 2310
f 2292 2290 2310 2311
f 2294 2292 2311 2312
f 2296 2294 2312 2313
f 2298 2296 2313 2314
f 2300 2298 2314 2315
f 2302 2300 2315 2316
f 2304 2302 2316 2317
f 2282 2304 2317 2306
f 2307 2306 2318
f 2308 2307 2318
f 2309 2308 2318
f 2310 2309 2318
f 2311 2310 2318
f 2312 2311 2318
f 2313 2312 2318
f 2314 2313 2318
f 2315 2314 2318
f 2316 2315 2318
f 2317 2316 2318
f 2306 2317 2318
f 2319 2320 2321 2322
f 2323 2324 2325 2326
f 2327 2328 2329 2330
f 2329 2321 2326
f 2321 2320 2323 2326
f 2325 2324 2327 2330
f 2328 2320 2319
f 2328 2323 2320
f 2324 2323 2328 2327
f 2329 2326 2325 2330
f 2321 2329 2322
f 2331 2332 2333 2334
f 2335 2336 2337 2338
f 2339 2340 2341 2342
f 2341 2333 2338
f 2333 2332 2335 2338
f 2337 2336 2339 2342
f 2340 2332 2331
f 2340 2335 2332
f 2336 2335 2340 2339
f 2341 2338 2337 2342
f 2333 2341 2334
f 2343 2344 2345 2346
f 2347 2348 2349 2350
f 2351 2352 2353 2354
f 2353 2345 2350
f 2345 2344 2347 2350
f 2349 2348 2351 2354
f 2352 2344 2343
f 2352 2347 2344
f 2348 2347 2352 2351
f 2353 2350 2349 2354
f 2345 2353 2346
f 2355 2356 2357 2358
f 2359 2360 2361 2355
f 2358 2362 2363 2359
f 2360 2364 2365 2366
f 2366 2367 2368 2361
f 2364 2369 2370 2365
f 2371 2372 2373 2374
f 2372 2368 2367 2373
f 2375 2370 2369 2376
f 2362 2377 2378 2363
f 2379 2378 2377 2380
f 2356 2381 2382 2357
f 2381 2383 2384 2382
f 2381 2372 2371 2383
f 2385 2374 2373 2386
f 2357 2387 2358
f 2378 2379 2376 2369
f 2363 2378 2369 2364
f 2356 2368 2372 2381
f 2388 2382 2384 2389
f 2387 2357 2382 2388
f 2390 2367 2366
f 2386 2373 2367 2390
f 2387 2362 2358
f 2388 2377 2362 2387
f 2389 2380 2377 2388
f 2386 2370 2375 2385
f 2390 2365 2370 2386
f 2365 2390 2366
f 2368 2356 2355 2361
f 2363 2364 2360 2359
f 2358 2359 2355
f 2366 2361 2360
f 2371 2391 2392 2383
f 2383 2392 2393 2384
f 2384 2393 2394 2389
f 2389 2394 2395 2380
f 2380 2395 2396 2379
f 2379 2396 2397 2376
f 2376 2397 2398 2375
f 2395 2399 2400 2396
f 2400 2401 2397 2396
f 2401 2402 2398 2397
f 2402 2401 2400 2399
f 2385 2403 2404 2374
f 2404 2391 2371 2374
f 2398 2403 2385 2375
f 2404 2405 2406 2391
f 2406 2407 2392 2391
f 2407 2408 2393 2392
f 2408 2405 2409 2410
f 2402 2399 2410 2409
f 2409 2405 2404 2403
f 2393 2408 2410 2394
f 2410 2399 2395 2394
f 2398 2402 2409 2403
f 2408 2407 2406 2405
f 2411 2412 2413 2414
f 2414 2413 2415 2416
f 2416 2415 2417 2418
f 2418 2417 2419 2420
f 2420 2419 2421 2422
f 2422 2421 2423 2424
f 2424 2423 2425 2426
f 2426 2425 2412 2411
f 2427 2428 2429
f 2428 2430 2429
f 2430 2431 2429
f 2431 2432 2429
f 2432 2433 2429
f 2433 2427 2429
f 2434 2435 2436 2437
f 2437 2436 2438 2439
f 2439 2438 2440 2441
f 2441 2440 2442 2443
f 2443 2442 2444 2445
f 2445 2444 2435 2434
f 2434 2437 2446 2447
f 2437 2439 2448 2446
f 2439 2441 2449 2448
f 2441 2443 2450 2449
f 2443 2445 2451 2450
f 2445 2434 2447 2451
f 2447 2446 2428 2427
f 2446 2448 2430 2428
f 2448 2449 2431 2430
f 2449 2450 2432 2431
f 2450 2451 2433 2432
f 2451 2447 2427 2433
f 2452 2453 2454
f 2453 2455 2454
f 2455 2456 2454
f 2456 2457 2454
f 2457 2458 2454
f 2458 2452 2454
f 2459 2460 2461 2462
f 2462 2461 2463 2464
f 2464 2463 2465 2466
f 2466 2465 2467 2468
f 2468 2467 2469 2470
f 2470 2469 2460 2459
f 2459 2462 2471 2472
f 2462 2464 2473 2471
f 2464 2466 2474 2473
f 2466 2468 2475 2474
f 2468 2470 2476 2475
f 2470 2459 2472 2476
f 2472 2471 2453 2452
f 2471 2473 2455 2453
f 2473 2474 2456 2455
f 2474 2475 2457 2456
f 2475 2476 2458 2457
f 2476 2472 2452 2458
f 2477 2478 2479
f 2478 2480 2479
f 2480 2481 2479
f 2481 2482 2479
f 2482 2483 2479
f 2483 2477 2479
f 2484 2485 2486 2487
f 2487 2486 2488 2489
f 2489 2488 2490 2491
f 2491 2490 2492 2493
f 2493 2492 2494 2495
f 2495 2494 2485 2484
f 2484 2487 2496 2497
f 2487 2489 2498 2496
f 2489 2491 2499 2498
f 2491 2493 2500 2499
f 2493 2495 2501 2500
f 2495 2484 2497 2501
f 2497 2496 2478 2477
f 2496 2498 2480 2478
f 2498 2499 2481 2480
f 2499 2500 2482 2481
f 2500 2501 2483 2482
f 2501 2497 2477 2483
f 2502 2503 2504
f 2503 2505 2504
f 2505 2506 2504
f 2506 2507 2504
f 2507 2508 2504
f 2508 2502 2504
f 2509 2510 2511 2512
f 2512 2511 2513 2514
f 2514 2513 2515 2516
f 2516 2515 2517 2518
f 2518 2517 2519 2520
f 2520 2519 2510 2509
f 2509 2512 2521 2522
f 2512 2514 2523 2521
f 2514 2516 2524 2523
f 2516 2518 2525 2524
f 2518 2520 2526 2525
f 2520 2509 2522 2526
f 2522 2521 2503 2502
f 2521 2523 2505 2503
f 2523 2524 2506 2505
f 2524 2525 2507 2506
f 2525 2526 2508 2507
f 2526 2522 2502 2508
f 2527 2528 2529
f 2528 2530 2529
f 2530 2531 2529
f 2531 2532 2529
f 2532 2533 2529
f 2533 2527 2529
f 2534 2535 2536 2537
f 2537 2536 2538 2539
f 2539 2538 2540 2541
f 2541 2540 2542 2543
f 2543 2542 2544 2545
f 2545 2544 2535 2534
f 2534 2537 2546 2547
f 2537 2539 2548 2546
f 2539 2541 2549 2548
f 2541 2543 2550 2549
f 2543 2545 2551 2550
f 2545 2534 2547 2551
f 2547 2546 2528 2527
f 2546 2548 2530 2528
f 2548 2549 2531 2530
f 2549 2550 2532 2531
f 2550 2551 2533 2532
f 2551 2547 2527 2533
f 2552 2553 2554
f 2553 2555 2554
f 2555 2556 2554
f 2556 2557 2554
f 2557 2558 2554
f 2558 2552 2554
f 2559 2560 2561 2562
f 2562 2561 2563 2564
f 2564 2563 2565 2566
f 2566 2565 2567 2568
f 2568 2567 2569 2570
f 2570 2569 2560 2559
f 2559 2562 2571 2572
f 2562 2564 2573 2571
f 2564 2566 2574 2573
f 2566 2568 2575 2574
f 2568 2570 2576 2575
f 2570 2559 2572 2576
f 2572 2571 2553 2552
f 2571 2573 2555 2553
f 2573 2574 2556 2555
f 2574 2575 2557 2556
f 2575 2576 2558 2557
f 2576 2572 2552 2558
f 2577 2578 2579
f 2578 2580 2579
f 2580 2581 2579
f 2581 2582 2579
f 2582 2583 2579
f 2583 2577 2579
f 2584 2585 2586 2587
f 2587 2586 2588 2589
f 2589 2588 2590 2591
f 2591 2590 2592 2593
f 2593 2592 2594 2595
f 2595 2594 2585 2584
f 2584 2587 2596 2597
f 2587 2589 2598 2596
f 2589 2591 2599 2598
f 2591 2593 2600 2599
f 2593 2595 2601 2600
f 2595 2584 2597 2601
f 2597 2596 2578 2577
f 2596 2598 2580 2578
f 2598 2599 2581 2580
f 2599 2600 2582 2581
f 2600 2601 2583 2582
f 2601 2597 2577 2583
f 2602 2603 2604
f 2603 2605 2604
f 2605 2606 2604
f 2606 2607 2604
f 2607 2608 2604
f 2608 2602 2604
f 2609 2610 2611 2612
f 2612 2611 2613 2614
f 2614 2613 2615 2616
f 2616 2615 2617 2618
f 2618 2617 2619 2620
f 2620 2619 2610 2609
f 2609 2612 2621 2622
f 2612 2614 2623 2621
f 2614 2616 2624 2623
f 2616 2618 2625 2624
f 2618 2620 2626 2625
f 2620 2609 2622 2626
f 2622 2621 2603 2602
f 2621 2623 2605 2603
f 2623 2624 2606 2605
f 2624 2625 2607 2606
f 2625 2626 2608 2607
f 2626 2622 2602 2608
f 2627 2628 2629 2630
f 2631 2632 2633 2634
f 2635 2627 2630 2636
f 2637 2635 2636 2638
f 2639 2640 2632 2631
f 2641 2632 2627 2635
f 2642 2641 2635 2637
f 2640 2643 2628 2627
f 2640 2627 2632
f 2644 2645 2643 2640
f 2646 2644 2640 2639
f 2647 2633 2632 2641
f 2648 2647 2641 2642
f 2649 2650 2651 2652
f 2650 2653 2654 2651
f 2653 2655 2656 2654
f 2655 2657 2658 2656
f 2657 2659 2660 2658
f 2659 2661 2662 2660
f 2661 2663 2664 2662
f 2663 2665 2666 2664
f 2665 2667 2668 2666
f 2667 2649 2652 2668
f 2669 2670 2671
f 2670 2672 2671
f 2672 2673 2671
f 2673 2674 2671
f 2674 2675 2671
f 2675 2676 2671
f 2676 2677 2671
f 2677 2678 2671
f 2678 2679 2671
f 2679 2669 2671
f 2652 2651 2680 2681
f 2651 2654 2682 2680
f 2654 2656 2683 2682
f 2656 2658 2684 2683
f 2658 2660 2685 2684
f 2660 2662 2686 2685
f 2662 2664 2687 2686
f 2664 2666 2688 2687
f 2666 2668 2689 2688
f 2668 2652 2681 2689
f 2681 2680 2670 2669
f 2680 2682 2672 2670
f 2682 2683 2673 2672
f 2683 2684 2674 2673
f 2684 2685 2675 2674
f 2685 2686 2676 2675
f 2686 2687 2677 2676
f 2687 2688 2678 2677
f 2688 2689 2679 2678
f 2689 2681 2669 2679
f 2690 2691 2692 2693
f 2693 2692 2694 2695
f 2696 2690 2693 2695
f 928 961 2697 2698
f 964 928 2698 2699
f 1018 1017 2699 2700
f 2701 963 962 2700
f 965 963 2701
f 1017 964 2699
f 962 1018 2700
f 2697 961 965 2701
f 2701 2700 2699 2697
f 2697 2699 2698
f 2702 2703 2704 2705
f 2706 2707 2708 2709
f 2709 2708 2710 2711
f 2702 2712 2706 2709
f 2703 2702 2709 2711
f 2704 2713 2714 2705
f 2704 2715 2716 2713
f 2710 2717 2703 2711
f 2717 2710 2708 2718
f 2703 2717 2715 2704
f 2715 2717 375
f 376 375 2717 2718
f 2719 2707 2706 2712
f 2707 2719 2720
f 2718 2708 2707 2720
f 2720 378 376 2718
f 378 2720 2719 377
f 2721 2712 2702 2705
f 2705 2714 2722 2721
f 2723 2724 379 377
f 2721 2722 2724 2723
f 2712 2721 2723 2719
f 377 2719 2723
f 386 2716 2715 375
f 2716 2725 2726 2713
f 2727 2714 2713 2726
f 640 2728 2729 641
f 2722 2730 2728 2724
f 2730 2722 2714 2727
f 650 2725 2716 386
f 641 2729 2731 647
f 2729 2727 2726 2731
f 2728 2730 2727 2729
f 2731 2725 650 647
f 2726 2725 2731
f 2728 640 924 2724
f 2724 924 379
f 301 2732 2733 2734
f 301 300 319 2732
f 2735 2736 2737 316
f 315 2735 316
f 2733 2732 2736 2735
f 2732 319 2737 2736
f 319 313 316 2737
f 314 2733 2735 315
f 342 301 2734 344
f 397 2734 2733 314
f 2734 397 396 344
f 2738 2739 594 632
f 2740 2738 443
f 443 2738 632
f 2739 2738 2741 2742
f 2738 2740 2743 2741
f 2742 2741 395
f 2741 2743 395
f 2743 2740 395
f 2739 2744 595 594
f 465 2744 466
f 2744 470 595
f 2744 2739 2742 2745
f 466 2744 2745 2746
f 394 2745 2742 395
f 2746 2745 394
f 470 2744 465
f 1832 2747 2748 1833
f 1839 2749 2750 1840
f 1678 2751 2752 1831
f 1840 2750 2753 1841
f 1831 2752 2747 1832
f 2754 1834 1833 2748
f 1838 2755 2749 1839
f 2751 1678 1677 2756
f 2757 2758 2751 2756
f 2759 2758 2757
f 2753 2760 2758 2759
f 2750 2761 2760 2753
f 2749 2762 2761 2750
f 2755 2763 2762 2749
f 2764 1837 1836 2765
f 2755 1838 1837 2764
f 2763 2755 2764 2765
f 1834 2754 2766 1835
f 2765 1836 1835 2766
f 2754 2763 2765 2766
f 2763 2754 2748 2762
f 2747 2761 2762 2748
f 2752 2760 2761 2747
f 2751 2758 2760 2752
f 1893 2759 2757 1894
f 1841 2753 2759 1893
f 1894 2757 2756 1677
f 2767 2768 2769 2770
f 2768 2771 2772 2769
f 2772 2771 2773 2774
f 2774 2773 2767 2770
f 2775 2776 2777 2778
f 2775 2778 2779 2780
f 2776 2781 2782 2777
f 2779 2783 2784 2780
f 2781 2785 2786 2782
f 2768 2767 2786 2785
f 2773 2771 2784 2783
f 2773 2783 2786 2767
f 2779 2782 2786 2783
f 2785 2781 2780 2784
f 2771 2768 2785 2784
f 2781 2776 2775 2780
f 2779 2778 2777 2782
f 2787 2788 2789 2790
f 2790 2789 2791 2792
f 2792 2791 2793 2794
f 2794 2793 2795 2796
f 2796 2795 2797 2798
f 2798 2797 2799 2800
f 2800 2799 2801 2802
f 2802 2801 2803 2804
f 2804 2803 2805 2806
f 2806 2805 2807 2808
f 2808 2807 2809 2810
f 2810 2809 2788 2787
f 2790 2811 2812 2787
f 2792 2813 2811 2790
f 2794 2814 2813 2792
f 2796 2815 2814 2794
f 2798 2816 2815 2796
f 2800 2817 2816 2798
f 2802 2818 2817 2800
f 2804 2819 2818 2802
f 2806 2820 2819 2804
f 2808 2821 2820 2806
f 2810 2822 2821 2808
f 2787 2812 2822 2810
f 2811 2823 2812
f 2813 2823 2811
f 2814 2823 2813
f 2815 2823 2814
f 2816 2823 2815
f 2817 2823 2816
f 2818 2823 2817
f 2819 2823 2818
f 2820 2823 2819
f 2821 2823 2820
f 2822 2823 2821
f 2812 2823 2822
f 2824 2825 2826 2827
f 2827 2826 2828 2829
f 2829 2828 2830 2831
f 2831 2830 2832 2833
f 2833 2832 2834 2835
f 2835 2834 2836 2837
f 2837 2836 2838 2839
f 2839 2838 2840 2841
f 2841 2840 2842 2843
f 2843 2842 2844 2845
f 2845 2844 2846 2847
f 2847 2846 2825 2824
f 2827 2848 2849 2824
f 2829 2850 2848 2827
f 2831 2851 2850 2829
f 2833 2852 2851 2831
f 2835 2853 2852 2833
f 2837 2854 2853 2835
f 2839 2855 2854 2837
f 2841 2856 2855 2839
f 2843 2857 2856 2841
f 2845 2858 2857 2843
f 2847 2859 2858 2845
f 2824 2849 2859 2847
f 2848 2860 2849
f 2850 2860 2848
f 2851 2860 2850
f 2852 2860 2851
f 2853 2860 2852
f 2854 2860 2853
f 2855 2860 2854
f 2856 2860 2855
f 2857 2860 2856
f 2858 2860 2857
f 2859 2860 2858
f 2849 2860 2859
f 2861 2862 2863 2864
f 2865 2866 2867 2868
f 2869 2870 2871 2872
f 2871 2866 2863
f 2863 2866 2865 2864
f 2867 2870 2869 2868
f 2872 2861 2864
f 2872 2864 2865
f 2868 2869 2872 2865
f 2871 2870 2867 2866
f 2863 2862 2871
f 2873 2874 2875 2876
f 2877 2878 2879 2880
f 2881 2882 2883 2884
f 2883 2878 2875
f 2875 2878 2877 2876
f 2879 2882 2881 2880
f 2884 2873 2876
f 2884 2876 2877
f 2880 2881 2884 2877
f 2883 2882 2879 2878
f 2875 2874 2883
f 2885 2886 2887 2888
f 2889 2890 2891 2892
f 2893 2894 2895 2896
f 2895 2890 2887
f 2887 2890 2889 2888
f 2891 2894 2893 2892
f 2896 2885 2888
f 2896 2888 2889
f 2892 2893 2896 2889
f 2895 2894 2891 2890
f 2887 2886 2895
f 2897 2898 2899 2900
f 2901 2897 2902 2903
f 2898 2901 2904 2905
f 2903 2906 2907 2908
f 2906 2902 2909 2910
f 2908 2907 2911 2912
f 2913 2914 2915 2916
f 2916 2915 2910 2909
f 2917 2918 2912 2911
f 2905 2904 2919 2920
f 2921 2922 2920 2919
f 2900 2899 2923 2924
f 2924 2923 2925 2926
f 2924 2926 2913 2916
f 2927 2928 2915 2914
f 2899 2898 2929
f 2919 2912 2918 2921
f 2904 2908 2912 2919
f 2900 2924 2916 2909
f 2930 2931 2925 2923
f 2929 2930 2923 2899
f 2932 2906 2910
f 2928 2932 2910 2915
f 2929 2898 2905
f 2930 2929 2905 2920
f 2931 2930 2920 2922
f 2928 2927 2917 2911
f 2932 2928 2911 2907
f 2907 2906 2932
f 2909 2902 2897 2900
f 2904 2901 2903 2908
f 2898 2897 2901
f 2906 2903 2902
f 2913 2926 2933 2934
f 2926 2925 2935 2933
f 2925 2931 2936 2935
f 2931 2922 2937 2936
f 2922 2921 2938 2937
f 2921 2918 2939 2938
f 2918 2917 2940 2939
f 2937 2938 2941 2942
f 2941 2938 2939 2943
f 2943 2939 2940 2944
f 2944 2942 2941 2943
f 2927 2914 2945 2946
f 2945 2914 2913 2934
f 2940 2917 2927 2946
f 2945 2934 2947 2948
f 2947 2934 2933 2949
f 2949 2933 2935 2950
f 2950 2951 2952 2948
f 2944 2952 2951 2942
f 2952 2946 2945 2948
f 2935 2936 2951 2950
f 2951 2936 2937 2942
f 2940 2946 2952 2944
f 2950 2948 2947 2949
f 2953 2954 2955 2956
f 2954 2957 2958 2955
f 2957 2959 2960 2958
f 2959 2961 2962 2960
f 2961 2963 2964 2962
f 2963 2965 2966 2964
f 2965 2967 2968 2966
f 2967 2953 2956 2968
f 2969 2970 2971
f 2971 2970 2972
f 2972 2970 2973
f 2973 2970 2974
f 2974 2970 2975
f 2975 2970 2969
f 2976 2977 2978 2979
f 2977 2980 2981 2978
f 2980 2982 2983 2981
f 2982 2984 2985 2983
f 2984 2986 2987 2985
f 2986 2976 2979 2987
f 2976 2988 2989 2977
f 2977 2989 2990 2980
f 2980 2990 2991 2982
f 2982 2991 2992 2984
f 2984 2992 2993 2986
f 2986 2993 2988 2976
f 2988 2969 2971 2989
f 2989 2971 2972 2990
f 2990 2972 2973 2991
f 2991 2973 2974 2992
f 2992 2974 2975 2993
f 2993 2975 2969 2988
f 2994 2995 2996
f 2996 2995 2997
f 2997 2995 2998
f 2998 2995 2999
f 2999 2995 3000
f 3000 2995 2994
f 3001 3002 3003 3004
f 3002 3005 3006 3003
f 3005 3007 3008 3006
f 3007 3009 3010 3008
f 3009 3011 3012 3010
f 3011 3001 3004 3012
f 3001 3013 3014 3002
f 3002 3014 3015 3005
f 3005 3015 3016 3007
f 3007 3016 3017 3009
f 3009 3017 3018 3011
f 3011 3018 3013 3001
f 3013 2994 2996 3014
f 3014 2996 2997 3015
f 3015 2997 2998 3016
f 3016 2998 2999 3017
f 3017 2999 3000 3018
f 3018 3000 2994 3013
f 3019 3020 3021
f 3021 3020 3022
f 3022 3020 3023
f 3023 3020 3024
f 3024 3020 3025
f 3025 3020 3019
f 3026 3027 3028 3029
f 3027 3030 3031 3028
f 3030 3032 3033 3031
f 3032 3034 3035 3033
f 3034 3036 3037 3035
f 3036 3026 3029 3037
f 3026 3038 3039 3027
f 3027 3039 3040 3030
f 3030 3040 3041 3032
f 3032 3041 3042 3034
f 3034 3042 3043 3036
f 3036 3043 3038 3026
f 3038 3019 3021 3039
f 3039 3021 3022 3040
f 3040 3022 3023 3041
f 3041 3023 3024 3042
f 3042 3024 3025 3043
f 3043 3025 3019 3038
f 3044 3045 3046
f 3046 3045 3047
f 3047 3045 3048
f 3048 3045 3049
f 3049 3045 3050
f 3050 3045 3044
f 3051 3052 3053 3054
f 3052 3055 3056 3053
f 3055 3057 3058 3056
f 3057 3059 3060 3058
f 3059 3061 3062 3060
f 3061 3051 3054 3062
f 3051 3063 3064 3052
f 3052 3064 3065 3055
f 3055 3065 3066 3057
f 3057 3066 3067 3059
f 3059 3067 3068 3061
f 3061 3068 3063 3051
f 3063 3044 3046 3064
f 3064 3046 3047 3065
f 3065 3047 3048 3066
f 3066 3048 3049 3067
f 3067 3049 3050 3068
f 3068 3050 3044 3063
f 3069 3070 3071
f 3071 3070 3072
f 3072 3070 3073
f 3073 3070 3074
f 3074 3070 3075
f 3075 3070 3069
f 3076 3077 3078 3079
f 3077 3080 3081 3078
f 3080 3082 3083 3081
f 3082 3084 3085 3083
f 3084 3086 3087 3085
f 3086 3076 3079 3087
f 3076 3088 3089 3077
f 3077 3089 3090 3080
f 3080 3090 3091 3082
f 3082 3091 3092 3084
f 3084 3092 3093 3086
f 3086 3093 3088 3076
f 3088 3069 3071 3089
f 3089 3071 3072 3090
f 3090 3072 3073 3091
f 3091 3073 3074 3092
f 3092 3074 3075 3093
f 3093 3075 3069 3088
f 3094 3095 3096
f 3096 3095 3097
f 3097 3095 3098
f 3098 3095 3099
f 3099 3095 3100
f 3100 3095 3094
f 3101 3102 3103 3104
f 3102 3105 3106 3103
f 3105 3107 3108 3106
f 3107 3109 3110 3108
f 3109 3111 3112 3110
f 3111 3101 3104 3112
f 3101 3113 3114 3102
f 3102 3114 3115 3105
f 3105 3115 3116 3107
f 3107 3116 3117 3109
f 3109 3117 3118 3111
f 3111 3118 3113 3101
f 3113 3094 3096 3114
f 3114 3096 3097 3115
f 3115 3097 3098 3116
f 3116 3098 3099 3117
f 3117 3099 3100 3118
f 3118 3100 3094 3113
f 3119 3120 3121
f 3121 3120 3122
f 3122 3120 3123
f 3123 3120 3124
f 3124 3120 3125
f 3125 3120 3119
f 3126 3127 3128 3129
f 3127 3130 3131 3128
f 3130 3132 3133 3131
f 3132 3134 3135 3133
f 3134 3136 3137 3135
f 3136 3126 3129 3137
f 3126 3138 3139 3127
f 3127 3139 3140 3130
f 3130 3140 3141 3132
f 3132 3141 3142 3134
f 3134 3142 3143 3136
f 3136 3143 3138 3126
f 3138 3119 3121 3139
f 3139 3121 3122 3140
f 3140 3122 3123 3141
f 3141 3123 3124 3142
f 3142 3124 3125 3143
f 3143 3125 3119 3138
f 3144 3145 3146
f 3146 3145 3147
f 3147 3145 3148
f 3148 3145 3149
f 3149 3145 3150
f 3150 3145 3144
f 3151 3152 3153 3154
f 3152 3155 3156 3153
f 3155 3157 3158 3156
f 3157 3159 3160 3158
f 3159 3161 3162 3160
f 3161 3151 3154 3162
f 3151 3163 3164 3152
f 3152 3164 3165 3155
f 3155 3165 3166 3157
f 3157 3166 3167 3159
f 3159 3167 3168 3161
f 3161 3168 3163 3151
f 3163 3144 3146 3164
f 3164 3146 3147 3165
f 3165 3147 3148 3166
f 3166 3148 3149 3167
f 3167 3149 3150 3168
f 3168 3150 3144 3163
f 3169 3170 3171 3172
f 3173 3174 3175 3176
f 3177 3178 3170 3169
f 3179 3180 3178 3177
f 3181 3173 3176 3182
f 3183 3177 3169 3176
f 3184 3179 3177 3183
f 3182 3169 3172 3185
f 3182 3176 3169
f 3186 3182 3185 3187
f 3188 3181 3182 3186
f 3189 3183 3176 3175
f 3190 3184 3183 3189
f 3191 3192 3193 3194
f 3194 3193 3195 3196
f 3196 3195 3197 3198
f 3198 3197 3199 3200
f 3200 3199 3201 3202
f 3202 3201 3203 3204
f 3204 3203 3205 3206
f 3206 3205 3207 3208
f 3208 3207 3209 3210
f 3210 3209 3192 3191
f 3211 3212 3213
f 3213 3212 3214
f 3214 3212 3215
f 3215 3212 3216
f 3216 3212 3217
f 3217 3212 3218
f 3218 3212 3219
f 3219 3212 3220
f 3220 3212 3221
f 3221 3212 3211
f 3192 3222 3223 3193
f 3193 3223 3224 3195
f 3195 3224 3225 3197
f 3197 3225 3226 3199
f 3199 3226 3227 3201
f 3201 3227 3228 3203
f 3203 3228 3229 3205
f 3205 3229 3230 3207
f 3207 3230 3231 3209
f 3209 3231 3222 3192
f 3222 3211 3213 3223
f 3223 3213 3214 3224
f 3224 3214 3215 3225
f 3225 3215 3216 3226
f 3226 3216 3217 3227
f 3227 3217 3218 3228
f 3228 3218 3219 3229
f 3229 3219 3220 3230
f 3230 3220 3221 3231
f 3231 3221 3211 3222
f 3232 3233 3234 3235
f 3233 3236 3237 3234
f 3238 3236 3233 3232
f 1907 3239 3240 1939
f 1942 3241 3239 1907
f 1996 3242 3241 1995
f 3243 3242 1940 1941
f 1943 3243 1941
f 1995 3241 1942
f 1940 3242 1996
f 3240 3243 1943 1939
f 3243 3240 3241 3242
f 3240 3239 3241
f 3244 3245 3246 3247
f 3248 3249 3250 3251
f 3249 3252 3253 3250
f 3244 3249 3248 3254
f 3247 3252 3249 3244
f 3246 3245 3255 3256
f 3246 3256 3257 3258
f 3253 3252 3247 3259
f 3259 3260 3250 3253
f 3247 3246 3258 3259
f 3258 1379 3259
f 1380 3260 3259 1379
f 3261 3254 3248 3251
f 3251 3262 3261
f 3260 3262 3251 3250
f 3262 3260 1380 1382
f 1382 1381 3261 3262
f 3263 3245 3244 3254
f 3245 3263 3264 3255
f 3265 1381 1383 3266
f 3263 3265 3266 3264
f 3254 3261 3265 3263
f 1381 3265 3261
f 1390 1379 3258 3257
f 3257 3256 3267 3268
f 3269 3267 3256 3255
f 1644 1643 3270 3271
f 3264 3266 3271 3272
f 3272 3269 3255 3264
f 1652 1390 3257 3268
f 1643 1650 3273 3270
f 3270 3273 3267 3269
f 3271 3270 3269 3272
f 3273 1650 1652 3268
f 3267 3273 3268
f 3271 3266 1905 1644
f 3266 1383 1905
f 1309 3274 3275 3276
f 1309 3276 1328 1310
f 3277 1323 3278 3279
f 1324 1323 3277
f 3275 3277 3279 3276
f 3276 3279 3278 1328
f 1328 3278 1323 1322
f 1325 1324 3277 3275
f 1351 1353 3274 1309
f 1402 1325 3275 3274
f 3274 1353 1400 1402
f 3280 1636 1598 3281
f 3282 1448 3280
f 1448 1636 3280
f 3281 3283 3284 3280
f 3280 3284 3285 3282
f 3283 1399 3284
f 3284 1399 3285
f 3285 1399 3282
f 3281 1598 1600 3286
f 1469 1470 3286
f 3286 1600 1474
f 3286 3287 3283 3281
f 1470 3288 3287 3286
f 1398 1399 3283 3287
f 3288 1398 3287
f 1474 1469 3286
f 3289 3290 3291 3292
f 3291 3290 3293 3294
f 3289 3292 3295 3296
f 979 974 980
f 973 660 659
f 1959 1958 1952
f 1953 1662 1661
f 260 258 234
f 234 258 233
f 233 258 232
f 716 724 825 717
f 827 826 814 828
f 825 724 814 826
f 724 726 814
f 813 814 849
f 576 554 3297
f 552 551 3298
f 548 546 3298
f 554 552 3298 3297
f 505 225 3299 3300
f 154 153 3301 3302
f 187 186 3303 3304
f 159 189 3305 3306
f 161 160 3307 3308
f 989 161 3308 3309
f 164 990 3310 3311
f 167 165 3312 3313
f 971 187 3304
f 160 159 3306 3307
f 165 164 3311 3312
f 168 167 3313 3314
f 990 989 3309 3310
f 546 547 3298
f 225 228 3315 3299
f 228 227 3315
f 259 230 229
f 227 231 3315
f 231 232 3315
f 258 259 229
f 522 529 3316
f 385 384 3317 3318
f 599 385 3318 3319
f 600 599 3319 3320
f 441 168 3314
f 619 624 3321 3322
f 620 619 3322 3323
f 529 530 3316
f 530 579 3316
f 532 472 3314
f 624 627 3320 3321
f 442 441 3314
f 630 600 3320
f 472 442 3314
f 627 630 3320
f 153 1015 3300 3301
f 1014 505 3300
f 1015 1014 3300
f 526 519 3314
f 384 528 3316 3317
f 518 532 3314
f 523 522 3316
f 528 523 3316
f 519 518 3314
f 538 526 3314 3298
f 547 538 3298
f 578 576 3297 3316
f 579 578 3316
f 551 548 3298
f 3324 980 3325 3326
f 732 3324 3326
f 729 728 3327 3328
f 688 620 3323 3329
f 659 688 3329 3330
f 726 729 3328
f 728 732 3326 3327
f 189 188 3304 3305
f 188 971 3304
f 155 158 3302 3303
f 974 973 3331
f 232 258 229 3315
f 186 155 3303
f 158 154 3302
f 973 659 3330 3331
f 980 974 3331 3325
f 814 726 3328 849
f 1271 1247 1269
f 1247 1246 1269
f 1246 1245 1269
f 1715 1718 1819 1723
f 1821 1822 1808 1820
f 1819 1820 1808 1723
f 1723 1808 1725
f 1807 849 1808
f 1580 3297 1558
f 1554 3298 1555
f 1552 3298 1550
f 1558 3297 3298 1554
f 1510 3300 3299 1239
f 1167 3302 3301 1168
f 1201 3304 3303 1200
f 1174 3306 3305 1202
f 1175 3308 3307 1173
f 1967 3309 3308 1175
f 1178 3311 3310 1968
f 1181 3313 3312 1177
f 1949 3304 1201
f 1173 3307 3306 1174
f 1177 3312 3311 1178
f 1182 3314 3313 1181
f 1968 3310 3309 1967
f 1550 3298 1551
f 1239 3299 3315 1240
f 1240 3315 1241
f 1270 229 1243
f 1241 3315 1244
f 1244 3315 1245
f 1269 229 1270
f 1526 3316 1533
f 1387 3318 3317 1388
f 1603 3319 3318 1387
f 1605 3320 3319 1603
f 1445 3314 1182
f 1624 3322 3321 1628
f 1623 3323 3322 1624
f 1533 3316 1534
f 1534 3316 1582
f 1536 3314 1477
f 1628 3321 3320 1630
f 1446 3314 1445
f 1634 3320 1605
f 1477 3314 1446
f 1630 3320 1634
f 1168 3301 3300 1993
f 1994 3300 1510
f 1993 3300 1994
f 1530 3314 1523
f 1388 3317 3316 1532
f 1522 3314 1536
f 1525 3316 1526
f 1532 3316 1525
f 1523 3314 1522
f 1542 3298 3314 1530
f 1551 3298 1542
f 1583 3316 3297 1580
f 1582 3316 1583
f 1555 3298 1552
f 3332 3326 3325 1958
f 1730 3326 3332
f 1726 3328 3327 1727
f 1687 3329 3323 1623
f 1662 3330 3329 1687
f 1725 3328 1726
f 1727 3327 3326 1730
f 1202 3305 3304 1203
f 1203 3304 1949
f 1169 3303 3302 1170
f 1952 3331 1953
f 1245 3315 229 1269
f 1200 3303 1169
f 1170 3302 1167
f 1953 3331 3330 1662
f 1958 3325 3331 1952
f 1808 849 3328 1725
f 3333 3334 3335 3336
f 3334 3333 3337 3338
f 3339 3340 3341 3342
f 3340 3343 3344 3341
f 3342 3341 3333 3336
f 3337 3333 3341 3344
f 3339 3343 3340
f 3338 3335 3334
f 3339 3342 3344 3343
f 3342 3336 3337 3344
f 3336 3335 3338 3337
f 3345 3346 3347 3348
f 3346 3349 3350 3347
f 3349 3351 3352 3350
f 3353 3354 3346 3345
f 3352 3351 3355 3356
f 3354 3353 3348 3347
f 3345 3348 3353
f 3354 3357 3349 3346
f 3357 3354 3347 3350
f 3351 3349 3358 3355
f 3359 3350 3352 3356
f 3358 3349 3357 3360
f 3359 3360 3357 3350
f 3361 3362 3363 3364
f 3362 3361 3365 3366
f 3367 3368 3369 3370
f 3368 3371 3372 3369
f 3370 3369 3361 3364
f 3365 3361 3369 3372
f 3367 3371 3368
f 3366 3363 3362
f 3367 3370 3372 3371
f 3370 3364 3365 3372
f 3364 3363 3366 3365
f 3373 3374 3375 3376
f 3374 3377 3378 3375
f 3377 3379 3380 3378
f 3381 3382 3374 3373
f 3380 3379 3383 3384
f 3382 3381 3376 3375
f 3373 3376 3381
f 3382 3385 3377 3374
f 3385 3382 3375 3378
f 3379 3377 3386 3383
f 3387 3378 3380 3384
f 3386 3377 3385 3388
f 3387 3388 3385 3378
f 3389 3390 3391 3392
f 3389 3392 3393
f 3394 3395 3396 3397
f 3390 3397 3396 3391
f 3395 3394 3398
f 3399 3400 3401 3402
f 3403 3404 3405 3406
f 3400 3405 3404 3401
f 3406 3399 3402 3403
f 3407 3408 3409 3410
f 3411 3412 3413 3414
f 3415 3416 3417 3418
f 3419 3420 3421 3422
f 3422 3407 3412 3419
f 3409 3414 3415 3418
f 3421 3408 3407 3422
f 3409 3418 3417 3410
f 3411 3420 3419 3412
f 3415 3414 3413 3416
f 3420 3411 3408 3421
f 3408 3411 3414 3409
f 3413 3410 3417 3416
f 3412 3407 3410 3413
f 3423 3424 3425 3426
f 3427 3428 3429 3430
f 3431 3432 3425 3424
f 3433 3434 3423 3426
f 3432 3429 3428 3425
f 3426 3425 3428 3427
f 3430 3433 3426 3427
f 3435 3436 3437 3438
f 3439 3440 3441 3442
f 3443 3444 3436 3435
f 3445 3443 3435 3446
f 3447 3445 3446 3448
f 3449 3447 3448 3450
f 3451 3449 3450 3452
f 3453 3451 3452 3454
f 3455 3456 3454 3452
f 3452 3450 3457 3455
f 3450 3448 3458 3457
f 3448 3446 3459 3458
f 3446 3435 3438 3459
f 3455 3457 3460
f 3461 3462 3463
f 3464 3451 3453 3465
f 3462 3449 3451 3464
f 3461 3447 3449 3462
f 3466 3445 3447 3461
f 3467 3443 3445 3466
f 3456 3455 3460
f 3458 3459 3460
f 3457 3458 3460
f 3466 3461 3463
f 3464 3465 3463
f 3462 3464 3463
f 3438 3468 3460 3459
f 3469 3470 3471 3472
f 3473 3474 3475 3476
f 3467 3466 3463 3477
f 3478 3479 3480 3481
f 3479 3482 3472
f 3473 3483 3478
f 3484 3479 3478 3485
f 3486 3487 3488 3489
f 3479 3490 3491 3482
f 3479 3484 3490
f 3485 3478 3492
f 3493 3492 3478 3483
f 3492 3493 3476
f 3482 3491 3469 3472
f 3473 3476 3493 3483
f 3494 3495 3496 3497
f 3498 3494 3497 3499
f 3500 3501 3502 3503
f 3486 3489 3504 3496
f 3486 3496 3495 3487
f 3505 3488 3487 3495
f 3505 3504 3489 3488
f 3502 3490 3484 3499
f 3492 3490 3502 3501
f 3485 3492 3501 3498
f 3499 3484 3485 3498
f 3494 3498 3501 3500
f 3503 3502 3499 3497
f 3500 3505 3495 3494
f 3503 3504 3505 3500
f 3497 3496 3504 3503
f 3476 3475 3470 3469
f 3490 3469 3491
f 3490 3492 3476 3469
f 3471 3470 3506 3507
f 3475 3474 3508 3509
f 3471 3507 3441 3480
f 3474 3481 3440 3508
f 3475 3509 3506 3470
f 3510 3511 3512 3513
f 3511 3514 3515 3512
f 3514 3437 3516 3515
f 3468 3438 3437 3514
f 3510 3467 3477 3511
f 3511 3477 3468 3514
f 3512 3509 3508 3513
f 3509 3512 3515 3506
f 3516 3507 3506 3515
f 3510 3513 3439 3444
f 3516 3437 3436 3442
f 3442 3441 3507 3516
f 3444 3443 3467 3510
f 3480 3479 3472 3471
f 3440 3439 3513 3508
f 3481 3474 3473 3478
f 3436 3444 3439 3442
f 3441 3440 3481 3480
f 3517 3518 3519 3520
f 3521 3522 3523 3524
f 3525 3517 3520 3526
f 3527 3528 3517 3525
f 3529 3530 3528 3527
f 3531 3532 3530 3529
f 3533 3534 3532 3531
f 3535 3536 3534 3533
f 3537 3534 3536 3538
f 3534 3537 3539 3532
f 3532 3539 3540 3530
f 3530 3540 3541 3528
f 3528 3541 3518 3517
f 3537 3542 3539
f 3543 3544 3545
f 3546 3547 3535 3533
f 3545 3546 3533 3531
f 3543 3545 3531 3529
f 3548 3543 3529 3527
f 3549 3548 3527 3525
f 3538 3542 3537
f 3540 3542 3541
f 3539 3542 3540
f 3548 3544 3543
f 3546 3544 3547
f 3545 3544 3546
f 3518 3541 3542 3550
f 3551 3552 3553 3554
f 3555 3556 3557 3558
f 3549 3559 3544 3548
f 3560 3561 3562 3563
f 3563 3552 3564
f 3555 3560 3565
f 3566 3567 3560 3563
f 3568 3569 3570 3571
f 3563 3564 3572 3573
f 3563 3573 3566
f 3567 3574 3560
f 3575 3565 3560 3574
f 3574 3556 3575
f 3564 3552 3551 3572
f 3555 3565 3575 3556
f 3576 3577 3578 3579
f 3580 3581 3577 3576
f 3582 3583 3584 3585
f 3568 3578 3586 3569
f 3568 3571 3579 3578
f 3587 3579 3571 3570
f 3587 3570 3569 3586
f 3584 3581 3566 3573
f 3574 3585 3584 3573
f 3567 3580 3585 3574
f 3581 3580 3567 3566
f 3576 3582 3585 3580
f 3583 3577 3581 3584
f 3582 3576 3579 3587
f 3583 3582 3587 3586
f 3577 3583 3586 3578
f 3556 3551 3554 3557
f 3573 3572 3551
f 3573 3551 3556 3574
f 3553 3588 3589 3554
f 3557 3590 3591 3558
f 3553 3562 3523 3588
f 3558 3591 3524 3561
f 3557 3554 3589 3590
f 3592 3593 3594 3595
f 3595 3594 3596 3597
f 3597 3596 3598 3519
f 3550 3597 3519 3518
f 3592 3595 3559 3549
f 3595 3597 3550 3559
f 3594 3593 3591 3590
f 3590 3589 3596 3594
f 3598 3596 3589 3588
f 3592 3526 3521 3593
f 3598 3522 3520 3519
f 3522 3598 3588 3523
f 3526 3592 3549 3525
f 3562 3553 3552 3563
f 3524 3591 3593 3521
f 3561 3560 3555 3558
f 3520 3522 3521 3526
f 3523 3562 3561 3524
f 3599 3600 3601 3602
f 3600 3603 3604 3601
f 3603 3605 3606 3604
f 3605 3599 3602 3606
f 3607 3608 3609 3610
f 3608 3611 3612 3609
f 3611 3613 3614 3612
f 3613 3607 3610 3614
f 3615 3616 3617 3618
f 3619 3620 3621 3622
f 3616 3621 3620 3617
f 3622 3615 3618 3619
f 3623 3624 3625 3626
f 3627 3623 3626 3628
f 3629 3627 3628 3630
f 3631 3629 3630 3632
f 3633 3631 3632 3634
f 3635 3633 3634 3636
f 3637 3635 3636 3638
f 3639 3637 3638 3640
f 3641 3639 3640 3642
f 3643 3641 3642 3644
f 3645 3643 3644 3646
f 3647 3645 3646 3648
f 3649 3647 3648 3650
f 3651 3649 3650 3652
f 3653 3651 3652 3654
f 3624 3653 3654 3625
f 3626 3625 3655 3656
f 3628 3626 3656 3657
f 3630 3628 3657 3658
f 3632 3630 3658 3659
f 3634 3632 3659 3660
f 3636 3634 3660 3661
f 3638 3636 3661 3662
f 3640 3638 3662 3663
f 3642 3640 3663 3664
f 3644 3642 3664 3665
f 3646 3644 3665 3666
f 3648 3646 3666 3667
f 3650 3648 3667 3668
f 3652 3650 3668 3669
f 3654 3652 3669 3670
f 3625 3654 3670 3655
f 3656 3655 3671 3672
f 3657 3656 3672 3673
f 3658 3657 3673 3674
f 3659 3658 3674 3675
f 3660 3659 3675 3676
f 3661 3660 3676 3677
f 3662 3661 3677 3678
f 3663 3662 3678 3679
f 3664 3663 3679 3680
f 3665 3664 3680 3681
f 3666 3665 3681 3682
f 3667 3666 3682 3683
f 3668 3667 3683 3684
f 3669 3668 3684 3685
f 3670 3669 3685 3686
f 3655 3670 3686 3671
f 3672 3671 3687 3688
f 3673 3672 3688 3689
f 3674 3673 3689 3690
f 3675 3674 3690 3691
f 3676 3675 3691 3692
f 3677 3676 3692 3693
f 3678 3677 3693 3694
f 3679 3678 3694 3695
f 3680 3679 3695 3696
f 3681 3680 3696 3697
f 3682 3681 3697 3698
f 3683 3682 3698 3699
f 3684 3683 3699 3700
f 3685 3684 3700 3701
f 3686 3685 3701 3702
f 3671 3686 3702 3687
f 3688 3687 3703 3704
f 3689 3688 3704 3705
f 3690 3689 3705 3706
f 3691 3690 3706 3707
f 3692 3691 3707 3708
f 3693 3692 3708 3709
f 3694 3693 3709 3710
f 3695 3694 3710 3711
f 3696 3695 3711 3712
f 3697 3696 3712 3713
f 3698 3697 3713 3714
f 3699 3698 3714 3715
f 3700 3699 3715 3716
f 3701 3700 3716 3717
f 3702 3701 3717 3718
f 3687 3702 3718 3703
f 3704 3703 3624 3623
f 3705 3704 3623 3627
f 3706 3705 3627 3629
f 3707 3706 3629 3631
f 3708 3707 3631 3633
f 3709 3708 3633 3635
f 3710 3709 3635 3637
f 3711 3710 3637 3639
f 3712 3711 3639 3641
f 3713 3712 3641 3643
f 3714 3713 3643 3645
f 3715 3714 3645 3647
f 3716 3715 3647 3649
f 3717 3716 3649 3651
f 3718 3717 3651 3653
f 3703 3718 3653 3624
f 3719 3720 3721 3722
f 3720 3723 3724 3721
f 3723 3725 3726 3724
f 3725 3727 3728 3726
f 3727 3729 3730 3728
f 3729 3731 3732 3730
f 3731 3733 3734 3732
f 3733 3735 3736 3734
f 3735 3737 3738 3736
f 3737 3739 3740 3738
f 3739 3741 3742 3740
f 3741 3719 3722 3742
f 3720 3719 3743
f 3723 3720 3743
f 3725 3723 3743
f 3727 3725 3743
f 3729 3727 3743
f 3731 3729 3743
f 3733 3731 3743
f 3735 3733 3743
f 3737 3735 3743
f 3739 3737 3743
f 3741 3739 3743
f 3719 3741 3743
f 3722 3721 3744 3745
f 3721 3724 3746 3744
f 3724 3726 3747 3746
f 3726 3728 3748 3747
f 3728 3730 3749 3748
f 3730 3732 3750 3749
f 3732 3734 3751 3750
f 3734 3736 3752 3751
f 3736 3738 3753 3752
f 3738 3740 3754 3753
f 3740 3742 3755 3754
f 3742 3722 3745 3755
f 3756 3757 3758 3759
f 3757 3760 3761 3758
f 3760 3762 3763 3761
f 3762 3764 3765 3763
f 3764 3766 3767 3765
f 3766 3768 3769 3767
f 3768 3770 3771 3769
f 3770 3772 3773 3771
f 3772 3774 3775 3773
f 3774 3776 3777 3775
f 3776 3778 3779 3777
f 3778 3780 3781 3779
f 3780 3782 3783 3781
f 3782 3784 3785 3783
f 3784 3786 3787 3785
f 3786 3756 3759 3787
f 3759 3758 3788
f 3758 3761 3788
f 3761 3763 3788
f 3763 3765 3788
f 3765 3767 3788
f 3767 3769 3788
f 3769 3771 3788
f 3771 3773 3788
f 3773 3775 3788
f 3775 3777 3788
f 3777 3779 3788
f 3779 3781 3788
f 3781 3783 3788
f 3783 3785 3788
f 3785 3787 3788
f 3787 3759 3788
f 3757 3756 3789 3790
f 3760 3757 3790 3791
f 3762 3760 3791 3792
f 3764 3762 3792 3793
f 3766 3764 3793 3794
f 3768 3766 3794 3795
f 3770 3768 3795 3796
f 3772 3770 3796 3797
f 3774 3772 3797 3798
f 3776 3774 3798 3799
f 3778 3776 3799 3800
f 3780 3778 3800 3801
f 3782 3780 3801 3802
f 3784 3782 3802 3803
f 3786 3784 3803 3804
f 3756 3786 3804 3789
f 317 320 3805 3806
f 322 321 3807 3808
f 324 323 3809 3810
f 325 324 3810 3811
f 326 322 3808 3812
f 321 327 3813 3807
f 323 329 3814 3809
f 327 332 3815 3813
f 328 326 3812 3816
f 335 336 3817 3818
f 336 328 3816 3817
f 338 337 3819 3820
f 339 338 3820 3821
f 320 339 3821 3805
f 266 265 3822 3823
f 267 266 3823 3824
f 271 270 3825 3826
f 273 272 3827 3828
f 272 274 3829 3827
f 270 273 3828 3825
f 274 267 3824 3829
f 3811 3810 3826 3825
f 3807 3813 3825 3828
f 3825 3813 3811
f 3821 3820 3817 3816
f 3806 3805 3830 3831
f 3812 3808 3832 3830
f 3816 3812 3830
f 3805 3821 3830
f 3821 3816 3830
f 3830 3832 3833 3834
f 3831 3830 3834 3835
f 3828 3827 3808 3807
f 3827 3829 3808
f 3829 3824 3832 3808
f 3824 3823 3832
f 3823 3822 3833 3832
f 3836 318 317 3806
f 3819 337 318 3836
f 3836 3806 3837 3838
f 3837 3806 3831 3839
f 3831 3835 3840 3839
f 3836 3838 3841
f 3838 3839 3841
f 3839 3838 3837
f 1326 3842 3843 1329
f 1331 3844 3845 1330
f 1333 3846 3847 1332
f 1334 3848 3846 1333
f 1335 3849 3844 1331
f 1330 3845 3850 1336
f 1332 3847 3851 1338
f 1336 3850 3852 1342
f 1342 3852 3853 1340
f 1340 3853 3854 1343
f 1343 3854 3855 1344
f 1337 3856 3849 1335
f 1344 3855 3857 1345
f 1345 3857 3856 1337
f 1347 3858 3859 1346
f 1348 3860 3858 1347
f 1329 3843 3860 1348
f 1276 3861 3822 265
f 1277 3862 3861 1276
f 1280 3863 3864 1281
f 1282 3865 3866 1283
f 1283 3866 3867 1284
f 1281 3864 3865 1282
f 1284 3867 3862 1277
f 3848 3864 3863 3846
f 3845 3865 3864 3850
f 3864 3848 3850
f 3860 3856 3857 3858
f 3842 3868 3869 3843
f 3849 3869 3870 3844
f 3856 3869 3849
f 3843 3869 3860
f 3860 3869 3856
f 3869 3834 3833 3870
f 3868 3835 3834 3869
f 3865 3845 3844 3866
f 3866 3844 3867
f 3867 3844 3870 3862
f 3862 3870 3861
f 3861 3870 3833 3822
f 3871 3842 1326 1327
f 3859 3871 1327 1346
f 3871 3872 3873 3842
f 3873 3874 3868 3842
f 3868 3874 3840 3835
f 3874 3873 3872
f 1339 1338 3851 3875
f 1334 1339 3875 3848
f 3852 3850 3848 3875
f 3814 329 330 3876
f 3876 330 325 3811
f 3811 3813 3815 3876
f 3815 332 331 3877
f 3877 331 334 3878
f 3878 334 335 3818
f 3879 275 271 3826
f 3826 3810 3809 3879
f 3878 3818 3880
f 3818 3817 3880
f 3820 3819 3880
f 3817 3820 3880
f 3819 3836 3841 3880
f 3809 3814 3881 3879
f 3815 3877 3882
f 3877 3878 3880 3882
f 3876 3815 3882
f 3814 3876 3881
f 3883 3876 3882
f 3876 3883 3881
f 3880 3884 3882
f 3854 3885 3855
f 3855 3885 3857
f 3858 3885 3859
f 3857 3885 3858
f 3859 3885 3886 3871
f 3871 3886 3872
f 3872 3886 3874
f 3852 3887 3853
f 3853 3887 3885 3854
f 3875 3887 3852
f 3875 3888 3887
f 3880 3841 3889
f 3889 3841 3839 3840
f 3885 3889 3886
f 3889 3840 3874 3886
f 3880 3889 3890 3884
f 3891 3885 3887
f 3885 3891 3890 3889
f 3892 276 275 3879
f 3893 277 276 3892
f 1286 1285 3894 3895
f 1280 1286 3895 3863
f 3847 3846 3863 3895
f 3847 3895 3896 3851
f 3851 3896 3875
f 3888 3875 3896
f 3888 3897 3891 3887
f 3883 3882 3884 3898
f 3899 278 277 3893
f 3892 3900 3893
f 3900 3881 3883 3898
f 3901 279 278 3899
f 1288 279 3901 3902
f 3892 3879 3881 3900
f 1285 1287 3903 3894
f 1287 1288 3902 3903
f 3890 3904 3898 3884
f 3905 3894 3903
f 3888 3896 3905 3897
f 3890 3891 3897 3904
f 3906 3901 3899 3907
f 3907 3904 3906
f 3894 3905 3896 3895
f 3902 3901 3906 3908
f 3904 3908 3906
f 3907 3899 3893 3900
f 3904 3907 3900 3898
f 3908 3904 3897 3905
f 3902 3908 3905 3903
f 3918 3919 3920 3921
f 3919 3922 3923 3920
f 3922 3919 3924 3925
f 3919 3918 3926 3924
f 3921 3920 3927 3928
f 3920 3923 3929 3927
f 3928 3927 3930 3931
f 3941 3940 3943 3944
f 3940 3942 3945 3943
f 3944 3943 3946 3947
f 3943 3945 3948 3946
f 3947 3946 3949 3950
f 3946 3948 3951 3949
f 3950 3949 3952 3953
f 3949 3951 3954 3952
f 3953 3952 3955 3956
f 3952 3954 3957 3955
f 3956 3955 3958 3959
f 3955 3957 3960 3958
f 3959 3958 3924 3926
f 3958 3960 3925 3924
f 3961 3962 3963 3964
f 3962 3965 3966 3963
f 3965 3962 3967 3968
f 3962 3961 3969 3967
f 3968 3967 3970 3971
f 3967 3969 3972 3970
f 3971 3970 3973 3974
f 3970 3972 3975 3973
f 3974 3973 3976 3977
f 3973 3975 3978 3976
f 3977 3976 3979 3980
f 3976 3978 3981 3979
f 3980 3979 3982 3983
f 3979 3981 3984 3982
f 3983 3982 3985 3986
f 3982 3984 3987 3985
f 3986 3985 3988 3989
f 3985 3987 3990 3988
f 3989 3988 3991 3992
f 3988 3990 3993 3991
f 3992 3991 3994 3995
f 3991 3993 3996 3994
f 3995 3994 3997 3998
f 3994 3996 3999 3997
f 3998 3997 4000 4001
f 3997 3999 4002 4000
f 4001 4000 4003 4004
f 4000 4002 4005 4003
f 4004 4003 4006 4007
f 4003 4005 4008 4006
f 4007 4006 4009 4010
f 4006 4008 4011 4009
f 4010 4009 4012 4013
f 4009 4011 4014 4012
f 4013 4012 4015 4016
f 4012 4014 4017 4015
f 4016 4015 4018 4019
f 4015 4017 4020 4018
f 4019 4018 3963 3966
f 4018 4020 3964 3963
f 3918 3921 3969 3961
f 3921 3928 3972 3969
f 3928 3931 3975 3972
f 3931 3932 3978 3975
f 3932 3933 3981 3978
f 3933 3934 3984 3981
f 3934 3935 3987 3984
f 3935 3936 3990 3987
f 3936 3937 3993 3990
f 3937 3938 3996 3993
f 3938 3939 3999 3996
f 3939 3941 4002 3999
f 3941 3944 4005 4002
f 3944 3947 4008 4005
f 3947 3950 4011 4008
f 3950 3953 4014 4011
f 3953 3956 4017 4014
f 3956 3959 4020 4017
f 3959 3926 3964 4020
f 3926 3918 3961 3964
f 3965 3968 4021
f 3968 3971 4021
f 3971 3974 4021
f 3974 3977 4021
f 3977 3980 4021
f 3980 3983 4021
f 3983 3986 4021
f 3986 3989 4021
f 3989 3992 4021
f 3992 3995 4021
f 3995 3998 4021
f 3998 4001 4021
f 4001 4004 4021
f 4004 4007 4021
f 4007 4010 4021
f 4010 4013 4021
f 4013 4016 4021
f 4016 4019 4021
f 4019 3966 4021
f 3966 3965 4021
f 3923 3922 3910 3909
f 3948 3945 3911 3912
f 3951 3948 3912 3913
f 3954 3951 3913 3914
f 3957 3954 3914 3915
f 3960 3957 3915 3916
f 3925 3960 3916 3917
f 3922 3925 3917 3910
f 4031 4032 4033 4034
f 4034 4033 4035 4036
f 4036 4037 4038 4034
f 4034 4038 4039 4031
f 4032 4040 4041 4033
f 4033 4041 4042 4035
f 4040 4043 4044 4041
f 4053 4056 4057 4054
f 4054 4057 4058 4055
f 4056 4059 4060 4057
f 4057 4060 4061 4058
f 4059 4062 4063 4060
f 4060 4063 4064 4061
f 4062 4065 4066 4063
f 4063 4066 4067 4064
f 4065 4068 4069 4066
f 4066 4069 4070 4067
f 4068 4071 4072 4069
f 4069 4072 4073 4070
f 4071 4039 4038 4072
f 4072 4038 4037 4073
f 4074 4075 4076 4077
f 4077 4076 4078 4079
f 4079 4080 4081 4077
f 4077 4081 4082 4074
f 4080 4083 4084 4081
f 4081 4084 4085 4082
f 4083 4086 4087 4084
f 4084 4087 4088 4085
f 4086 4089 4090 4087
f 4087 4090 4091 4088
f 4089 4092 4093 4090
f 4090 4093 4094 4091
f 4092 4095 4096 4093
f 4093 4096 4097 4094
f 4095 4098 4099 4096
f 4096 4099 4100 4097
f 4098 4101 4102 4099
f 4099 4102 4103 4100
f 4101 4104 4105 4102
f 4102 4105 4106 4103
f 4104 4107 4108 4105
f 4105 4108 4109 4106
f 4107 4110 4111 4108
f 4108 4111 4112 4109
f 4110 4113 4114 4111
f 4111 4114 4115 4112
f 4113 4116 4117 4114
f 4114 4117 4118 4115
f 4116 4119 4120 4117
f 4117 4120 4121 4118
f 4119 4122 4123 4120
f 4120 4123 4124 4121
f 4122 4125 4126 4123
f 4123 4126 4127 4124
f 4125 4128 4129 4126
f 4126 4129 4130 4127
f 4128 4131 4132 4129
f 4129 4132 4133 4130
f 4131 4078 4076 4132
f 4132 4076 4075 4133
f 4031 4074 4082 4032
f 4032 4082 4085 4040
f 4040 4085 4088 4043
f 4043 4088 4091 4045
f 4045 4091 4094 4046
f 4046 4094 4097 4047
f 4047 4097 4100 4048
f 4048 4100 4103 4049
f 4049 4103 4106 4050
f 4050 4106 4109 4051
f 4051 4109 4112 4052
f 4052 4112 4115 4053
f 4053 4115 4118 4056
f 4056 4118 4121 4059
f 4059 4121 4124 4062
f 4062 4124 4127 4065
f 4065 4127 4130 4068
f 4068 4130 4133 4071
f 4071 4133 4075 4039
f 4039 4075 4074 4031
f 4079 4134 4080
f 4080 4134 4083
f 4083 4134 4086
f 4086 4134 4089
f 4089 4134 4092
f 4092 4134 4095
f 4095 4134 4098
f 4098 4134 4101
f 4101 4134 4104
f 4104 4134 4107
f 4107 4134 4110
f 4110 4134 4113
f 4113 4134 4116
f 4116 4134 4119
f 4119 4134 4122
f 4122 4134 4125
f 4125 4134 4128
f 4128 4134 4131
f 4131 4134 4078
f 4078 4134 4079
f 4035 4022 4023 4036
f 4061 4025 4024 4058
f 4064 4026 4025 4061
f 4067 4027 4026 4064
f 4070 4028 4027 4067
f 4073 4029 4028 4070
f 4037 4030 4029 4073
f 4036 4023 4030 4037
f 4135 4136 4137 4138
f 4146 4144 4145 4147
f 4148 4146 4147 4149
f 4136 4148 4149 4137
f 4150 4151 4152 4153
f 4151 4154 4155 4152
f 4154 4151 4156 4157
f 4151 4150 4158 4156
f 4153 4152 4159 4160
f 4152 4155 4161 4159
f 4160 4159 4162 4163
f 4159 4161 4164 4162
f 4163 4162 4165 4166
f 4162 4164 4167 4165
f 4166 4165 4168 4169
f 4165 4167 4170 4168
f 4179 4178 4180 4181
f 4181 4180 4183 4184
f 4180 4182 4185 4183
f 4184 4183 4186 4187
f 4183 4185 4188 4186
f 4187 4186 4189 4190
f 4186 4188 4191 4189
f 4190 4189 4192 4193
f 4189 4191 4194 4192
f 4193 4192 4156 4158
f 4192 4194 4157 4156
f 4195 4196 4197 4198
f 4196 4199 4200 4197
f 4199 4196 4201 4202
f 4196 4195 4203 4201
f 4202 4201 4204 4205
f 4201 4203 4206 4204
f 4205 4204 4207 4208
f 4204 4206 4209 4207
f 4208 4207 4210 4211
f 4207 4209 4212 4210
f 4211 4210 4213 4214
f 4210 4212 4215 4213
f 4214 4213 4216 4217
f 4213 4215 4218 4216
f 4217 4216 4219 4220
f 4216 4218 4221 4219
f 4220 4219 4222 4223
f 4219 4221 4224 4222
f 4223 4222 4225 4226
f 4222 4224 4227 4225
f 4226 4225 4228 4229
f 4225 4227 4230 4228
f 4229 4228 4231 4232
f 4228 4230 4233 4231
f 4232 4231 4234 4235
f 4231 4233 4236 4234
f 4235 4234 4237 4238
f 4234 4236 4239 4237
f 4238 4237 4240 4241
f 4237 4239 4242 4240
f 4241 4240 4243 4244
f 4240 4242 4245 4243
f 4244 4243 4246 4247
f 4243 4245 4248 4246
f 4247 4246 4249 4250
f 4246 4248 4251 4249
f 4250 4249 4252 4253
f 4249 4251 4254 4252
f 4253 4252 4197 4200
f 4252 4254 4198 4197
f 4150 4153 4203 4195
f 4153 4160 4206 4203
f 4160 4163 4209 4206
f 4163 4166 4212 4209
f 4166 4169 4215 4212
f 4169 4171 4218 4215
f 4171 4172 4221 4218
f 4172 4173 4224 4221
f 4173 4174 4227 4224
f 4174 4175 4230 4227
f 4175 4176 4233 4230
f 4176 4177 4236 4233
f 4177 4179 4239 4236
f 4179 4181 4242 4239
f 4181 4184 4245 4242
f 4184 4187 4248 4245
f 4187 4190 4251 4248
f 4190 4193 4254 4251
f 4193 4158 4198 4254
f 4158 4150 4195 4198
f 4199 4202 4255
f 4202 4205 4255
f 4205 4208 4255
f 4208 4211 4255
f 4211 4214 4255
f 4214 4217 4255
f 4217 4220 4255
f 4220 4223 4255
f 4223 4226 4255
f 4226 4229 4255
f 4229 4232 4255
f 4232 4235 4255
f 4235 4238 4255
f 4238 4241 4255
f 4241 4244 4255
f 4244 4247 4255
f 4247 4250 4255
f 4250 4253 4255
f 4253 4200 4255
f 4200 4199 4255
f 4155 4154 4136 4135
f 4161 4155 4135 4139
f 4164 4161 4139 4140
f 4167 4164 4140 4141
f 4188 4185 4142 4143
f 4191 4188 4143 4144
f 4194 4191 4144 4146
f 4157 4194 4146 4148
f 4154 4157 4148 4136
f 4257 4256 4260 4261
f 4258 4259 4262 4263
f 4260 4256 4264 4265
f 4258 4263 4267 4266
f 4268 4269 4270 4271
f 4279 4280 4278 4277
f 4281 4282 4280 4279
f 4271 4270 4282 4281
f 4283 4284 4285 4286
f 4286 4285 4287 4288
f 4288 4289 4290 4286
f 4286 4290 4291 4283
f 4284 4292 4293 4285
f 4285 4293 4294 4287
f 4292 4295 4296 4293
f 4293 4296 4297 4294
f 4295 4298 4299 4296
f 4296 4299 4300 4297
f 4298 4301 4302 4299
f 4299 4302 4303 4300
f 4311 4313 4314 4312
f 4313 4316 4317 4314
f 4314 4317 4318 4315
f 4316 4319 4320 4317
f 4317 4320 4321 4318
f 4319 4322 4323 4320
f 4320 4323 4324 4321
f 4322 4325 4326 4323
f 4323 4326 4327 4324
f 4325 4291 4290 4326
f 4326 4290 4289 4327
f 4328 4329 4330 4331
f 4331 4330 4332 4333
f 4333 4334 4335 4331
f 4331 4335 4336 4328
f 4334 4337 4338 4335
f 4335 4338 4339 4336
f 4337 4340 4341 4338
f 4338 4341 4342 4339
f 4340 4343 4344 4341
f 4341 4344 4345 4342
f 4343 4346 4347 4344
f 4344 4347 4348 4345
f 4346 4349 4350 4347
f 4347 4350 4351 4348
f 4349 4352 4353 4350
f 4350 4353 4354 4351
f 4352 4355 4356 4353
f 4353 4356 4357 4354
f 4355 4358 4359 4356
f 4356 4359 4360 4357
f 4358 4361 4362 4359
f 4359 4362 4363 4360
f 4361 4364 4365 4362
f 4362 4365 4366 4363
f 4364 4367 4368 4365
f 4365 4368 4369 4366
f 4367 4370 4371 4368
f 4368 4371 4372 4369
f 4370 4373 4374 4371
f 4371 4374 4375 4372
f 4373 4376 4377 4374
f 4374 4377 4378 4375
f 4376 4379 4380 4377
f 4377 4380 4381 4378
f 4379 4382 4383 4380
f 4380 4383 4384 4381
f 4382 4385 4386 4383
f 4383 4386 4387 4384
f 4385 4332 4330 4386
f 4386 4330 4329 4387
f 4283 4328 4336 4284
f 4284 4336 4339 4292
f 4292 4339 4342 4295
f 4295 4342 4345 4298
f 4298 4345 4348 4301
f 4301 4348 4351 4304
f 4304 4351 4354 4305
f 4305 4354 4357 4306
f 4306 4357 4360 4307
f 4307 4360 4363 4308
f 4308 4363 4366 4309
f 4309 4366 4369 4310
f 4310 4369 4372 4311
f 4311 4372 4375 4313
f 4313 4375 4378 4316
f 4316 4378 4381 4319
f 4319 4381 4384 4322
f 4322 4384 4387 4325
f 4325 4387 4329 4291
f 4291 4329 4328 4283
f 4333 4388 4334
f 4334 4388 4337
f 4337 4388 4340
f 4340 4388 4343
f 4343 4388 4346
f 4346 4388 4349
f 4349 4388 4352
f 4352 4388 4355
f 4355 4388 4358
f 4358 4388 4361
f 4361 4388 4364
f 4364 4388 4367
f 4367 4388 4370
f 4370 4388 4373
f 4373 4388 4376
f 4376 4388 4379
f 4379 4388 4382
f 4382 4388 4385
f 4385 4388 4332
f 4332 4388 4333
f 4287 4268 4271 4288
f 4294 4272 4268 4287
f 4297 4273 4272 4294
f 4300 4274 4273 4297
f 4321 4276 4275 4318
f 4324 4277 4276 4321
f 4327 4279 4277 4324
f 4289 4281 4279 4327
f 4288 4271 4281 4289
f 4390 4393 4394 4389
f 4391 4395 4396 4392
f 4394 4397 4398 4389
f 4391 4399 4400 4395
